customer_id,session_id,session_duration,pages_viewed,products_viewed,search_count,cart_items,cart_value,checkout_started,payment_attempts,payment_failed,delivery_days,support_contact,negative_feedback,previous_orders,abandoned,friction_type
1,SES-8000,6.2,8,3,2,0,0.0,0,0,0,2,0,0,1,0,PRODUCT_INFORMATION
2,SES-8001,34.1,9,3,3,1,1442.4,0,0,0,2,0,0,2,0,PRODUCT_INFORMATION
3,SES-8002,15.5,4,3,4,0,0.0,0,0,0,4,0,0,3,0,PRODUCT_INFORMATION
4,SES-8003,11.0,8,1,3,1,451.74,1,1,0,6,0,0,0,0,PRODUCT_INFORMATION
5,SES-8004,2.9,14,11,7,4,6489.66,1,1,0,11,1,0,4,1,DELIVERY
6,SES-8005,2.9,7,2,0,2,3936.63,0,0,0,6,1,0,2,1,SUPPORT
7,SES-8006,1.7,13,12,3,1,1091.75,1,1,0,4,0,1,0,1,PRODUCT_TRUST
8,SES-8007,23.1,8,3,2,1,1157.63,1,2,1,3,1,0,4,0,PAYMENT
9,SES-8008,11.1,13,1,1,2,2664.45,1,2,1,3,0,0,3,1,PAYMENT
10,SES-8009,14.5,13,7,4,4,4236.11,1,2,0,3,0,0,2,0,PAYMENT
11,SES-8010,1.2,14,6,3,1,1449.25,0,0,0,3,0,0,1,0,DECISION_DIFFICULTY
12,SES-8011,39.5,11,10,8,3,2338.27,1,2,1,2,1,1,4,1,PAYMENT
13,SES-8012,20.7,7,1,5,0,0.0,1,2,1,3,1,1,3,1,PAYMENT
14,SES-8013,3.6,10,1,1,2,978.25,0,0,0,2,0,0,5,1,PRODUCT_INFORMATION
15,SES-8014,3.2,10,1,3,0,0.0,0,0,0,1,0,0,1,0,PRODUCT_INFORMATION
16,SES-8015,3.2,8,1,4,1,2097.61,1,1,0,3,0,0,3,1,PRODUCT_INFORMATION
17,SES-8016,5.0,7,0,4,0,0.0,0,0,0,4,0,0,0,1,PRODUCT_INFORMATION
18,SES-8017,9.2,11,5,5,1,1673.58,1,4,1,10,1,1,3,1,PAYMENT
19,SES-8018,7.2,12,5,3,3,4439.61,1,1,0,14,0,0,2,1,DELIVERY
20,SES-8019,4.8,12,0,4,0,0.0,0,0,0,5,0,0,1,0,PRODUCT_INFORMATION
21,SES-8020,11.4,6,2,1,0,0.0,0,0,0,9,0,0,3,0,DELIVERY
22,SES-8021,2.7,7,0,0,0,0.0,0,0,0,5,0,0,2,0,TECHNICAL
23,SES-8022,4.8,9,5,3,1,2660.71,1,1,0,4,0,0,3,0,PRICE
24,SES-8023,6.0,12,10,0,1,1480.98,0,0,0,1,0,0,4,0,DECISION_DIFFICULTY
25,SES-8024,7.7,12,5,4,2,4770.44,1,2,1,1,0,1,6,1,PAYMENT
26,SES-8025,17.9,9,3,2,4,10401.58,1,1,0,1,0,0,3,1,PRICE
27,SES-8026,3.5,13,2,4,1,1875.72,1,1,0,2,0,0,4,0,PRODUCT_INFORMATION
28,SES-8027,8.9,11,8,5,2,2234.21,0,0,0,2,0,0,1,1,PRICE
29,SES-8028,10.9,6,5,5,1,2031.53,1,1,0,3,0,0,1,0,PRICE
30,SES-8029,1.5,6,0,3,0,0.0,0,0,0,4,1,0,1,0,SUPPORT
31,SES-8030,11.3,9,2,5,1,2735.36,1,2,0,4,0,0,3,0,PAYMENT
32,SES-8031,3.1,8,0,4,0,0.0,0,0,0,4,0,0,3,1,PRODUCT_INFORMATION
33,SES-8032,1.7,7,2,3,1,2355.87,1,2,1,5,0,0,2,1,PAYMENT
34,SES-8033,33.7,6,1,1,1,1812.85,1,1,0,4,0,0,0,0,PRODUCT_TRUST
35,SES-8034,38.1,9,4,0,1,420.2,1,0,0,3,0,0,1,0,TECHNICAL
36,SES-8035,19.2,12,2,4,0,0.0,0,0,0,6,0,0,3,0,PRODUCT_INFORMATION
37,SES-8036,5.0,10,6,5,4,1843.57,1,1,0,13,0,0,1,1,DELIVERY
38,SES-8037,2.1,10,7,7,2,1387.32,1,3,1,7,1,0,3,1,PAYMENT
39,SES-8038,13.7,7,6,4,5,12064.03,0,0,0,4,1,1,2,1,SUPPORT
40,SES-8039,7.4,9,1,5,3,2775.32,1,1,1,4,0,0,0,1,PAYMENT
41,SES-8040,2.4,9,6,2,2,4837.41,1,1,0,1,0,0,3,0,PRICE
42,SES-8041,8.5,14,9,0,0,0.0,0,0,0,5,0,0,5,0,DECISION_DIFFICULTY
43,SES-8042,1.4,16,2,7,3,6749.1,1,2,1,3,0,0,2,1,PAYMENT
44,SES-8043,27.4,3,2,3,2,3402.45,1,1,0,5,0,0,1,0,PRODUCT_INFORMATION
45,SES-8044,4.3,10,0,5,0,0.0,0,0,0,6,0,0,0,0,PRODUCT_INFORMATION
46,SES-8045,12.9,7,1,4,1,2411.4,1,1,0,8,1,1,3,1,DELIVERY
47,SES-8046,5.1,13,11,1,2,5523.34,0,0,0,5,0,0,1,0,PRICE
48,SES-8047,9.1,8,1,2,5,3028.3,1,2,1,7,0,1,0,1,PAYMENT
49,SES-8048,9.7,5,0,4,0,0.0,0,0,0,6,0,0,4,0,PRODUCT_INFORMATION
50,SES-8049,3.2,16,8,3,3,8102.82,1,2,0,4,0,0,5,1,PAYMENT
51,SES-8050,39.4,7,4,3,3,3891.33,1,2,1,2,0,1,2,0,PAYMENT
52,SES-8051,17.4,15,12,3,5,6004.94,1,3,1,3,0,0,3,1,PAYMENT
53,SES-8052,31.9,3,2,0,2,4063.89,0,0,0,7,0,0,1,1,PRICE
54,SES-8053,25.8,8,1,2,2,2729.37,1,1,0,4,0,0,2,0,PRICE
55,SES-8054,11.0,6,1,4,2,1829.41,1,1,0,5,1,1,3,1,SUPPORT
56,SES-8055,29.0,15,5,2,1,787.52,1,4,0,7,0,0,3,0,PAYMENT
57,SES-8056,2.0,8,6,2,1,862.31,1,1,0,5,0,0,5,0,PRODUCT_TRUST
58,SES-8057,3.4,13,12,2,1,2090.35,1,1,0,8,0,1,2,1,DELIVERY
59,SES-8058,1.5,17,4,3,0,0.0,0,0,0,2,0,0,1,0,DECISION_DIFFICULTY
60,SES-8059,5.3,8,0,4,0,0.0,0,0,0,9,1,1,2,0,DELIVERY
61,SES-8060,6.4,13,1,1,0,0.0,0,0,0,7,0,0,2,0,PRICE
62,SES-8061,4.5,12,4,2,2,3337.29,1,3,1,9,1,1,3,1,PAYMENT
63,SES-8062,20.4,7,5,6,3,5665.25,1,2,1,6,0,0,4,1,PAYMENT
64,SES-8063,5.9,9,3,1,2,3583.74,1,2,1,3,1,0,3,1,PAYMENT
65,SES-8064,4.6,11,9,0,3,8173.0,1,1,0,2,1,0,4,0,SUPPORT
66,SES-8065,9.6,9,7,6,0,0.0,0,0,0,2,0,0,3,0,DECISION_DIFFICULTY
67,SES-8066,2.7,11,2,3,1,504.5,1,1,0,4,0,0,0,0,PRODUCT_INFORMATION
68,SES-8067,18.8,9,3,2,2,4811.68,1,1,0,4,0,0,2,0,PRICE
69,SES-8068,1.9,8,2,4,4,2694.99,1,2,0,5,0,0,1,0,PAYMENT
70,SES-8069,48.7,12,8,3,3,6169.51,0,0,0,4,0,0,1,1,PRICE
71,SES-8070,17.3,11,4,1,0,0.0,0,0,0,2,0,0,2,0,DECISION_DIFFICULTY
72,SES-8071,3.4,9,5,0,2,4512.24,1,1,0,1,0,0,0,0,PRICE
73,SES-8072,1.1,9,1,4,2,841.31,1,1,0,2,0,0,2,0,PRODUCT_INFORMATION
74,SES-8073,19.6,10,8,4,1,1317.45,1,1,0,2,0,0,0,1,DECISION_DIFFICULTY
75,SES-8074,14.5,6,0,3,0,0.0,0,0,0,6,0,0,1,0,PRODUCT_INFORMATION
76,SES-8075,15.4,16,4,3,4,10753.89,1,1,0,3,0,0,0,0,PRODUCT_TRUST
77,SES-8076,17.2,14,4,4,2,873.75,0,0,0,2,0,0,2,1,DECISION_DIFFICULTY
78,SES-8077,1.8,8,2,4,0,0.0,0,0,0,6,0,0,5,0,PRODUCT_INFORMATION
79,SES-8078,5.9,9,8,3,1,1694.25,0,0,0,10,0,0,6,1,DELIVERY
80,SES-8079,2.4,5,2,3,1,1950.76,1,2,1,2,1,0,1,1,PAYMENT
81,SES-8080,22.9,11,4,1,2,4299.16,1,0,0,11,0,1,2,1,DELIVERY
82,SES-8081,11.7,13,8,2,3,2977.7,1,1,0,11,1,0,4,1,DELIVERY
83,SES-8082,5.4,13,0,1,0,0.0,0,0,0,4,0,0,1,0,DELIVERY
84,SES-8083,1.7,5,1,5,0,0.0,0,0,0,3,0,0,2,1,PRODUCT_INFORMATION
85,SES-8084,5.1,6,1,3,2,1971.55,0,0,0,2,0,0,2,1,PRODUCT_INFORMATION
86,SES-8085,5.3,8,2,0,1,2276.3,1,1,0,7,0,0,7,0,PRICE
87,SES-8086,15.4,8,7,2,1,2675.2,1,1,0,5,0,0,2,0,DECISION_DIFFICULTY
88,SES-8087,12.2,12,2,3,2,3659.85,1,4,1,5,0,0,3,0,PAYMENT
89,SES-8088,25.0,9,7,3,2,1555.67,0,0,0,8,1,0,2,0,DELIVERY
90,SES-8089,8.0,6,4,7,0,0.0,0,0,0,4,0,0,2,0,DELIVERY
91,SES-8090,2.4,11,1,1,0,0.0,0,0,0,4,0,0,1,0,SUPPORT
92,SES-8091,14.7,12,8,2,5,4133.53,0,0,0,6,0,0,3,0,PRICE
93,SES-8092,16.7,8,3,5,0,0.0,0,0,0,3,0,0,4,0,PRODUCT_INFORMATION
94,SES-8093,10.1,10,6,4,1,2075.03,1,2,1,3,1,1,0,1,PAYMENT
95,SES-8094,17.2,7,3,2,2,822.04,1,1,0,4,0,0,2,0,PRODUCT_INFORMATION
96,SES-8095,8.5,7,6,8,2,2910.18,1,1,0,8,0,1,4,0,DELIVERY
97,SES-8096,9.1,14,10,0,1,1895.15,1,1,0,6,0,0,4,0,DECISION_DIFFICULTY
98,SES-8097,7.1,13,5,4,4,3451.61,1,2,1,3,1,0,0,1,PAYMENT
99,SES-8098,1.3,8,6,1,1,2562.33,1,1,0,2,0,0,1,1,PRICE
100,SES-8099,2.3,12,11,1,5,8588.15,1,1,0,4,0,1,3,0,PRICE
101,SES-8100,1.4,11,6,2,6,7373.73,1,1,0,5,0,0,3,0,PRICE
102,SES-8101,12.1,5,3,2,2,889.64,0,0,0,5,0,0,2,0,PRODUCT_INFORMATION
103,SES-8102,5.2,14,9,2,2,3124.67,1,1,0,3,0,0,7,0,PRICE
104,SES-8103,8.8,11,0,5,0,0.0,0,0,0,3,0,0,3,0,PRODUCT_INFORMATION
105,SES-8104,27.2,7,4,2,2,5453.82,0,0,0,10,0,0,1,1,DELIVERY
106,SES-8105,4.2,7,1,1,1,1309.01,1,1,0,4,0,0,5,0,PAYMENT
107,SES-8106,6.8,18,5,6,1,2610.42,0,0,0,3,0,0,2,0,PRICE
108,SES-8107,16.5,14,4,0,2,4093.06,1,0,0,6,0,0,2,0,PRICE
109,SES-8108,3.9,12,1,4,0,0.0,0,0,0,4,0,0,4,0,PRODUCT_INFORMATION
110,SES-8109,1.9,12,9,2,3,7915.59,1,1,0,3,0,0,5,0,PRICE
111,SES-8110,4.8,9,4,1,0,0.0,0,0,0,4,0,0,1,0,DECISION_DIFFICULTY
112,SES-8111,2.9,12,9,3,4,5901.03,1,2,0,2,0,0,5,1,PAYMENT
113,SES-8112,30.2,10,2,5,2,5230.42,0,0,0,3,0,0,4,0,PRICE
114,SES-8113,19.2,8,4,5,1,2388.42,0,0,0,4,0,0,5,1,PRICE
115,SES-8114,12.0,6,1,3,1,1570.2,1,1,0,4,0,0,3,0,PRODUCT_INFORMATION
116,SES-8115,23.6,11,2,5,3,2689.83,1,1,0,6,0,0,0,0,PRODUCT_INFORMATION
117,SES-8116,18.9,7,3,1,0,0.0,0,0,0,4,0,1,2,0,TECHNICAL
118,SES-8117,3.3,9,1,2,1,1714.32,1,1,1,5,0,0,3,1,PAYMENT
119,SES-8118,25.5,9,3,5,0,0.0,0,0,0,11,0,0,4,0,DELIVERY
120,SES-8119,9.5,15,3,0,2,4755.35,0,0,0,7,0,0,3,0,PRICE
121,SES-8120,19.1,13,5,2,0,0.0,0,0,0,3,1,0,2,1,SUPPORT
122,SES-8121,25.9,11,4,5,1,2766.85,1,3,1,3,1,0,0,1,PAYMENT
123,SES-8122,5.2,8,6,3,3,4967.9,1,1,0,5,0,0,1,0,PRICE
124,SES-8123,2.3,12,10,8,2,3609.09,0,0,0,5,1,1,7,1,SUPPORT
125,SES-8124,3.8,7,6,5,1,1490.67,1,1,0,5,0,1,2,0,DECISION_DIFFICULTY
126,SES-8125,7.1,11,2,1,1,701.09,0,0,0,2,0,0,4,0,PRODUCT_INFORMATION
127,SES-8126,19.7,10,8,2,1,1660.62,1,1,0,4,0,0,2,0,DECISION_DIFFICULTY
128,SES-8127,22.7,9,6,2,3,5394.64,0,0,0,6,0,0,0,0,SUPPORT
129,SES-8128,1.1,8,6,1,1,969.45,1,1,0,6,1,1,1,1,SUPPORT
130,SES-8129,8.9,7,1,1,0,0.0,0,0,0,2,0,0,3,0,PRODUCT_TRUST
131,SES-8130,6.9,10,9,5,2,1397.52,1,0,0,4,0,0,0,0,DECISION_DIFFICULTY
132,SES-8131,3.8,8,7,3,0,0.0,1,4,1,4,0,0,3,1,PAYMENT
133,SES-8132,2.4,11,2,3,3,5971.53,1,1,0,4,0,0,0,1,PRODUCT_INFORMATION
134,SES-8133,5.5,10,2,1,4,2127.34,1,0,0,4,0,1,2,0,PRICE
135,SES-8134,32.5,10,5,0,0,0.0,0,0,0,4,0,0,4,0,DECISION_DIFFICULTY
136,SES-8135,5.3,8,3,4,3,3389.91,1,1,0,7,0,0,2,0,PRODUCT_INFORMATION
137,SES-8136,9.0,15,3,2,3,6367.79,1,1,1,4,0,0,4,1,PAYMENT
138,SES-8137,14.4,8,0,1,0,0.0,0,0,0,5,0,0,4,0,PAYMENT
139,SES-8138,6.0,9,5,4,1,1888.72,1,1,0,5,0,0,3,1,DECISION_DIFFICULTY
140,SES-8139,40.2,9,7,3,0,0.0,0,0,0,10,0,1,1,1,DELIVERY
141,SES-8140,37.1,13,7,2,1,760.01,1,1,0,5,0,0,1,0,DECISION_DIFFICULTY
142,SES-8141,4.2,9,7,2,2,3798.78,1,1,0,2,0,0,0,1,PRICE
143,SES-8142,8.6,7,4,3,5,10295.89,1,1,0,5,1,0,0,1,SUPPORT
144,SES-8143,4.9,11,9,5,1,1596.41,1,1,0,5,0,0,3,0,DECISION_DIFFICULTY
145,SES-8144,4.7,12,5,6,3,5365.75,0,0,0,1,1,0,2,1,SUPPORT
146,SES-8145,1.4,9,4,3,1,2529.81,1,3,1,2,1,1,1,1,PAYMENT
147,SES-8146,11.3,11,3,2,1,2074.49,1,3,1,1,0,0,2,1,PAYMENT
148,SES-8147,8.7,10,3,2,5,12871.46,1,3,0,1,0,0,1,1,PAYMENT
149,SES-8148,1.6,12,3,4,0,0.0,0,0,0,2,0,0,4,0,PRODUCT_INFORMATION
150,SES-8149,4.6,8,3,0,1,819.65,0,0,0,11,0,0,1,0,DELIVERY
151,SES-8150,27.3,8,5,4,0,0.0,0,0,0,3,0,0,2,1,DECISION_DIFFICULTY
152,SES-8151,4.0,17,14,1,1,823.39,1,1,0,3,0,0,2,0,DECISION_DIFFICULTY
153,SES-8152,2.7,14,5,4,1,1204.6,0,0,0,8,0,1,3,1,DELIVERY
154,SES-8153,8.4,8,4,3,3,4638.26,1,1,0,6,0,0,1,0,PRICE
155,SES-8154,47.7,11,10,1,1,1014.24,1,1,0,5,0,0,6,0,DECISION_DIFFICULTY
156,SES-8155,4.0,9,8,4,2,3083.05,1,3,1,4,0,1,0,1,PAYMENT
157,SES-8156,13.3,7,1,2,1,1274.46,1,1,0,1,1,0,3,1,SUPPORT
158,SES-8157,16.8,8,5,3,3,5198.5,1,1,0,7,0,0,2,0,PRICE
159,SES-8158,4.0,7,2,5,2,2856.87,1,4,1,8,0,1,6,1,PAYMENT
160,SES-8159,15.3,4,0,3,0,0.0,0,0,0,4,0,0,5,1,PRODUCT_INFORMATION
161,SES-8160,6.0,10,4,2,2,3154.98,0,0,0,5,0,1,4,1,PRICE
162,SES-8161,12.0,10,9,5,1,2770.9,1,2,0,4,0,0,3,0,PAYMENT
163,SES-8162,12.0,9,3,4,0,0.0,0,0,0,3,0,0,3,0,PRODUCT_INFORMATION
164,SES-8163,9.4,11,5,3,4,8544.04,0,0,0,5,0,0,0,1,PRICE
165,SES-8164,2.0,6,3,3,1,1400.19,1,1,1,5,0,0,3,0,PAYMENT
166,SES-8165,20.8,11,7,4,0,0.0,0,0,0,2,0,0,3,0,DECISION_DIFFICULTY
167,SES-8166,5.3,11,6,1,2,5199.57,0,0,0,4,0,0,3,1,PRICE
168,SES-8167,3.3,15,4,3,1,2181.66,1,0,0,6,0,0,3,0,PRICE
169,SES-8168,1.5,10,9,2,2,3595.66,1,1,0,4,0,0,5,0,PRICE
170,SES-8169,10.8,9,5,3,1,1207.44,0,0,0,2,0,0,2,0,DECISION_DIFFICULTY
171,SES-8170,13.5,15,10,5,0,0.0,0,0,0,8,1,0,1,1,DELIVERY
172,SES-8171,1.2,8,7,2,4,4019.89,1,1,0,5,0,0,2,0,PRICE
173,SES-8172,8.9,8,6,4,3,4826.86,0,0,0,5,0,0,1,1,PRICE
174,SES-8173,3.8,7,1,2,2,4999.14,1,3,1,5,1,0,4,1,PAYMENT
175,SES-8174,12.4,9,8,1,0,0.0,0,0,0,3,0,0,1,0,DECISION_DIFFICULTY
176,SES-8175,3.1,15,6,3,2,4375.93,0,0,0,4,0,0,3,0,PRICE
177,SES-8176,13.9,3,1,4,1,1701.98,1,4,1,3,1,0,2,1,PAYMENT
178,SES-8177,6.4,9,4,4,1,963.78,1,1,0,7,1,1,3,1,PRICE
179,SES-8178,31.4,10,2,1,4,6196.98,0,0,0,5,0,0,1,0,PRICE
180,SES-8179,2.6,1,0,3,0,0.0,0,0,0,6,0,0,4,0,PRODUCT_INFORMATION
181,SES-8180,5.6,9,1,5,1,1828.04,1,1,0,5,0,0,2,0,PRODUCT_INFORMATION
182,SES-8181,2.3,7,6,2,4,6534.73,1,2,1,4,0,0,2,1,PAYMENT
183,SES-8182,29.4,12,1,2,0,0.0,0,0,0,7,0,0,1,0,PRODUCT_INFORMATION
184,SES-8183,24.1,12,2,4,1,2206.03,1,1,0,5,0,0,3,0,PRODUCT_INFORMATION
185,SES-8184,4.3,8,0,4,0,0.0,0,0,0,3,0,0,3,0,PRODUCT_INFORMATION
186,SES-8185,12.9,9,0,5,0,0.0,0,0,0,3,0,0,0,0,PRODUCT_INFORMATION
187,SES-8186,19.7,8,6,4,3,7953.08,1,1,0,7,0,0,1,1,DECISION_DIFFICULTY
188,SES-8187,9.9,13,9,2,3,6815.09,1,3,1,10,1,1,2,1,PAYMENT
189,SES-8188,9.3,7,3,1,1,1481.45,1,1,0,5,0,0,1,0,TECHNICAL
190,SES-8189,4.0,12,10,2,0,0.0,0,0,0,4,0,0,2,0,DECISION_DIFFICULTY
191,SES-8190,2.1,10,7,4,1,1610.48,1,4,1,5,0,1,2,1,PAYMENT
192,SES-8191,26.0,9,5,0,4,6844.7,0,0,0,4,0,0,2,1,PRICE
193,SES-8192,26.4,12,6,9,3,7649.04,1,1,0,7,0,0,4,0,DECISION_DIFFICULTY
194,SES-8193,12.0,9,0,1,0,0.0,1,1,0,7,0,0,1,0,PRICE
195,SES-8194,5.6,9,0,5,0,0.0,0,0,0,4,0,0,4,0,PRODUCT_INFORMATION
196,SES-8195,5.7,12,8,3,2,4139.1,1,3,1,7,1,1,1,1,PAYMENT
197,SES-8196,15.2,9,4,2,2,1668.87,1,0,0,3,0,0,4,0,DECISION_DIFFICULTY
198,SES-8197,26.0,11,6,3,3,2310.47,1,1,0,4,0,0,6,0,DECISION_DIFFICULTY
199,SES-8198,25.0,8,5,3,2,5563.89,0,0,0,2,0,0,4,0,PRICE
200,SES-8199,17.6,10,3,3,1,1040.26,1,0,0,7,0,0,3,0,TECHNICAL
201,SES-8200,12.3,13,0,3,0,0.0,0,0,0,12,1,1,0,1,DELIVERY
202,SES-8201,2.0,9,3,4,1,858.36,1,3,1,5,1,1,5,1,PAYMENT
203,SES-8202,2.9,9,7,1,0,0.0,0,0,0,6,0,0,1,0,DECISION_DIFFICULTY
204,SES-8203,26.2,9,0,5,0,0.0,0,0,0,4,1,0,5,0,SUPPORT
205,SES-8204,11.3,6,1,2,0,0.0,0,0,0,5,0,1,5,0,PRODUCT_INFORMATION
206,SES-8205,1.1,7,6,6,1,648.73,1,1,0,4,0,0,3,1,PRODUCT_INFORMATION
207,SES-8206,2.2,10,1,2,5,9625.34,0,0,0,6,0,0,2,1,PRICE
208,SES-8207,13.0,7,2,7,0,0.0,0,0,0,3,0,0,3,0,PRODUCT_INFORMATION
209,SES-8208,1.1,9,8,2,2,1796.74,1,1,0,2,0,0,3,0,DECISION_DIFFICULTY
210,SES-8209,2.9,9,2,1,1,2267.73,1,1,0,9,0,0,4,0,DELIVERY
211,SES-8210,9.8,13,2,2,2,3075.5,0,0,0,8,0,1,2,0,DELIVERY
212,SES-8211,14.0,12,5,3,0,0.0,0,0,0,7,0,0,2,0,DECISION_DIFFICULTY
213,SES-8212,12.6,12,2,4,4,10437.47,1,1,0,7,0,0,2,1,PRODUCT_INFORMATION
214,SES-8213,3.8,12,8,1,0,0.0,0,0,0,6,0,0,1,0,DECISION_DIFFICULTY
215,SES-8214,14.7,11,10,0,1,2554.97,0,0,0,8,1,0,4,1,DELIVERY
216,SES-8215,4.0,8,7,4,1,880.82,1,1,0,3,0,0,3,0,DECISION_DIFFICULTY
217,SES-8216,5.3,8,3,3,1,933.11,1,3,1,8,0,1,2,1,PAYMENT
218,SES-8217,16.1,8,5,2,2,3985.75,1,2,1,9,0,0,1,1,PAYMENT
219,SES-8218,12.5,13,7,1,2,1292.63,1,1,0,6,0,0,3,0,DECISION_DIFFICULTY
220,SES-8219,21.8,8,3,3,2,2982.94,1,4,1,5,0,1,1,1,PAYMENT
221,SES-8220,12.8,7,6,7,2,1826.39,1,1,0,3,0,0,3,0,DECISION_DIFFICULTY
222,SES-8221,10.2,13,12,1,2,3540.11,1,1,0,8,1,1,0,1,DELIVERY
223,SES-8222,2.1,8,4,4,1,2336.37,1,2,1,5,1,0,2,1,PAYMENT
224,SES-8223,6.0,15,6,3,2,1003.64,1,1,0,5,0,0,1,0,DECISION_DIFFICULTY
225,SES-8224,4.4,12,7,6,0,0.0,1,1,0,5,0,0,3,0,DECISION_DIFFICULTY
226,SES-8225,4.1,12,6,6,1,2153.61,0,0,0,8,0,0,2,0,DELIVERY
227,SES-8226,40.7,7,3,2,3,3664.23,0,0,0,2,0,0,6,1,PRICE
228,SES-8227,6.5,16,0,1,0,0.0,0,0,0,2,0,1,3,1,PAYMENT
229,SES-8228,25.5,14,5,2,4,7277.25,0,0,0,3,0,0,2,1,PRICE
230,SES-8229,12.0,10,4,0,1,688.39,0,0,0,4,0,1,4,0,PRODUCT_INFORMATION
231,SES-8230,18.4,12,10,3,2,2575.61,0,0,0,4,0,0,0,0,DECISION_DIFFICULTY
232,SES-8231,8.7,12,3,2,0,0.0,0,0,0,4,0,0,3,0,PRODUCT_INFORMATION
233,SES-8232,10.5,9,1,5,2,2710.5,1,1,1,2,0,1,2,1,PAYMENT
234,SES-8233,8.5,13,0,2,0,0.0,0,0,0,7,0,0,0,0,PRODUCT_INFORMATION
235,SES-8234,3.4,11,8,3,2,4927.07,1,1,0,3,0,0,1,0,PRICE
236,SES-8235,15.1,11,1,5,1,1030.79,1,1,0,9,1,0,3,0,DELIVERY
237,SES-8236,4.6,3,0,4,0,0.0,0,0,0,7,0,0,3,0,PRODUCT_INFORMATION
238,SES-8237,1.3,10,5,1,2,5347.8,1,1,0,2,1,1,3,1,SUPPORT
239,SES-8238,12.4,7,4,5,0,0.0,0,0,0,2,1,0,1,0,SUPPORT
240,SES-8239,3.1,5,1,2,4,9407.24,0,0,0,5,0,0,7,0,PRICE
241,SES-8240,32.0,9,5,4,3,4530.45,1,1,0,2,0,0,2,0,PRICE
242,SES-8241,34.9,14,2,6,1,2126.39,1,1,0,5,0,0,1,0,PRODUCT_INFORMATION
243,SES-8242,28.1,6,4,2,4,1809.78,1,1,0,2,0,0,4,0,DECISION_DIFFICULTY
244,SES-8243,6.1,6,1,1,1,2289.94,1,2,1,4,1,1,2,1,PAYMENT
245,SES-8244,1.2,10,3,3,0,0.0,0,0,0,4,0,0,3,0,PRODUCT_INFORMATION
246,SES-8245,30.0,8,7,3,0,0.0,0,0,0,5,0,0,1,1,DECISION_DIFFICULTY
247,SES-8246,7.1,8,0,4,0,0.0,0,0,0,4,0,0,2,0,PRODUCT_INFORMATION
248,SES-8247,38.4,11,4,2,1,1183.87,1,1,0,2,0,0,0,0,DECISION_DIFFICULTY
249,SES-8248,37.5,8,3,3,1,1658.29,1,1,0,7,0,0,0,0,PRODUCT_INFORMATION
250,SES-8249,22.1,10,9,1,6,3964.93,1,1,0,3,0,0,2,0,DECISION_DIFFICULTY
251,SES-8250,4.8,7,2,2,2,4855.59,1,4,1,2,0,0,3,1,PAYMENT
252,SES-8251,6.3,11,0,4,0,0.0,1,1,0,4,0,0,3,0,PRODUCT_INFORMATION
253,SES-8252,22.0,11,0,5,0,0.0,0,0,0,8,0,1,3,1,DELIVERY
254,SES-8253,5.2,8,4,2,1,1727.11,0,0,0,3,0,0,7,0,DECISION_DIFFICULTY
255,SES-8254,3.0,10,3,3,2,5266.48,1,1,0,4,0,0,0,0,PRODUCT_INFORMATION
256,SES-8255,10.0,7,6,2,1,609.91,0,0,0,4,0,1,6,1,DECISION_DIFFICULTY
257,SES-8256,31.3,7,1,1,2,1391.32,0,0,0,1,0,0,1,0,TECHNICAL
258,SES-8257,14.1,5,1,3,1,1329.24,1,1,0,8,0,0,4,1,DELIVERY
259,SES-8258,10.3,11,3,5,2,4331.0,0,0,0,6,0,1,1,1,PRODUCT_TRUST
260,SES-8259,2.1,12,8,5,4,7404.37,0,0,0,2,0,0,3,1,PRICE
261,SES-8260,11.5,15,7,2,1,1499.1,1,1,0,2,0,0,4,1,DECISION_DIFFICULTY
262,SES-8261,51.7,15,3,4,0,0.0,0,0,0,1,0,1,4,0,PRODUCT_INFORMATION
263,SES-8262,2.7,13,5,2,2,1691.81,1,2,1,13,1,1,1,1,PAYMENT
264,SES-8263,9.0,9,6,0,1,2372.22,0,0,0,4,1,0,2,1,SUPPORT
265,SES-8264,24.1,11,9,5,1,697.21,1,1,0,10,0,0,3,0,DELIVERY
266,SES-8265,15.9,11,7,3,1,831.06,1,2,0,4,0,0,4,0,PAYMENT
267,SES-8266,14.1,10,3,2,4,4436.26,1,1,0,2,0,0,1,0,PRICE
268,SES-8267,14.3,8,0,4,0,0.0,0,0,0,4,0,0,3,0,PRODUCT_INFORMATION
269,SES-8268,5.9,11,4,1,1,1466.09,1,1,0,4,0,0,4,0,DECISION_DIFFICULTY
270,SES-8269,4.8,13,0,2,0,0.0,0,0,0,3,0,0,3,0,PRODUCT_INFORMATION
271,SES-8270,19.2,11,10,3,1,1577.74,1,1,0,2,0,1,2,0,DECISION_DIFFICULTY
272,SES-8271,19.3,12,10,3,2,3828.35,1,1,0,3,0,1,0,1,PRODUCT_TRUST
273,SES-8272,23.2,8,3,4,3,4249.16,1,1,0,4,0,0,1,0,PRODUCT_INFORMATION
274,SES-8273,27.9,8,6,6,1,2710.08,1,1,0,3,0,0,5,0,DECISION_DIFFICULTY
275,SES-8274,8.9,8,6,3,1,724.82,1,2,0,11,0,1,3,1,PAYMENT
276,SES-8275,8.7,5,0,2,0,0.0,0,0,0,4,1,0,3,0,SUPPORT
277,SES-8276,18.6,9,8,1,2,2794.08,1,1,0,2,0,0,0,0,DECISION_DIFFICULTY
278,SES-8277,12.5,11,1,3,4,8249.99,1,1,0,4,1,1,2,0,SUPPORT
279,SES-8278,14.3,12,4,4,4,10845.6,1,1,1,6,0,0,5,0,PAYMENT
280,SES-8279,18.5,7,5,3,0,0.0,0,0,0,4,1,0,1,0,SUPPORT
281,SES-8280,25.3,13,0,2,0,0.0,0,0,0,3,0,0,5,0,TECHNICAL
282,SES-8281,5.5,10,1,6,3,7159.44,1,1,0,2,0,0,3,1,PRODUCT_INFORMATION
283,SES-8282,6.2,8,6,0,2,4690.29,1,3,1,4,0,0,1,1,PAYMENT
284,SES-8283,2.1,8,5,7,7,4027.68,0,0,0,2,0,0,1,0,PRODUCT_INFORMATION
285,SES-8284,10.5,10,5,4,2,5314.8,1,2,0,4,0,0,1,1,PAYMENT
286,SES-8285,1.4,15,5,5,0,0.0,0,0,0,2,0,0,1,0,DECISION_DIFFICULTY
287,SES-8286,7.9,14,13,1,0,0.0,0,0,0,5,0,0,1,0,SUPPORT
288,SES-8287,9.6,9,6,1,1,706.86,1,1,0,6,1,0,4,0,SUPPORT
289,SES-8288,4.7,8,1,2,2,2816.18,1,1,0,3,0,0,3,1,PRICE
290,SES-8289,10.8,8,3,3,3,7249.64,1,1,0,2,0,0,3,0,PRODUCT_INFORMATION
291,SES-8290,1.3,13,11,3,1,1450.08,1,2,1,4,0,0,7,1,PAYMENT
292,SES-8291,1.4,11,8,1,4,5789.97,1,2,1,5,1,1,4,1,PAYMENT
293,SES-8292,20.0,10,8,0,3,3144.91,1,1,1,6,0,0,2,1,PAYMENT
294,SES-8293,5.9,9,1,3,1,522.85,1,1,0,4,0,1,3,1,PRODUCT_INFORMATION
295,SES-8294,2.5,9,1,3,1,1631.21,1,1,0,4,0,0,4,0,PRODUCT_INFORMATION
296,SES-8295,9.1,5,4,3,3,6776.18,1,2,1,9,1,1,3,1,PAYMENT
297,SES-8296,17.2,8,1,1,3,2251.71,1,1,0,4,0,0,4,0,PRICE
298,SES-8297,3.7,17,11,3,3,7635.2,1,2,1,4,0,0,2,1,PAYMENT
299,SES-8298,11.7,8,5,3,5,8663.41,1,1,0,4,0,0,3,0,PRICE
300,SES-8299,2.0,7,3,6,3,7048.55,0,0,0,4,0,0,4,0,PRICE
301,SES-8300,1.6,9,2,0,1,2000.9,1,2,0,6,0,0,4,1,PAYMENT
302,SES-8301,9.3,7,6,3,2,1447.74,0,0,0,3,0,0,4,0,DECISION_DIFFICULTY
303,SES-8302,9.6,14,2,3,1,2575.82,1,1,1,4,0,0,3,1,PAYMENT
304,SES-8303,12.2,14,3,7,4,8494.24,1,2,1,3,0,0,2,1,PAYMENT
305,SES-8304,15.2,6,2,3,1,485.39,1,1,0,5,0,0,2,1,PRODUCT_INFORMATION
306,SES-8305,42.0,13,2,5,2,3584.21,1,1,0,11,0,1,3,1,DELIVERY
307,SES-8306,9.0,15,7,1,4,6209.21,1,1,0,4,0,0,2,0,PRICE
308,SES-8307,5.3,6,4,5,2,4923.94,0,0,0,11,1,1,2,1,DELIVERY
309,SES-8308,18.4,12,6,3,2,1389.37,1,1,0,5,0,0,4,0,DECISION_DIFFICULTY
310,SES-8309,4.5,9,1,1,1,1818.03,1,1,0,7,0,0,5,0,DELIVERY
311,SES-8310,7.4,8,2,1,2,2289.34,1,0,0,3,0,0,2,1,PRICE
312,SES-8311,1.9,9,8,3,1,989.49,1,1,0,3,0,0,2,0,DECISION_DIFFICULTY
313,SES-8312,1.3,10,5,4,1,454.08,1,2,1,5,0,0,3,1,PAYMENT
314,SES-8313,37.2,9,2,2,1,1197.35,1,1,1,14,1,1,2,1,PAYMENT
315,SES-8314,20.9,14,8,7,0,0.0,0,0,0,6,0,0,2,0,PRICE
316,SES-8315,14.1,13,8,4,2,2949.38,0,0,0,5,0,0,3,1,DECISION_DIFFICULTY
317,SES-8316,6.8,9,5,1,1,2163.33,1,1,0,4,0,0,4,0,PRODUCT_TRUST
318,SES-8317,3.1,15,12,4,2,2737.0,1,2,1,8,1,1,1,1,PAYMENT
319,SES-8318,2.9,9,5,4,3,2605.73,1,1,0,6,0,0,4,0,PRICE
320,SES-8319,4.2,10,7,4,0,0.0,0,0,0,5,0,0,3,0,DECISION_DIFFICULTY
321,SES-8320,9.8,4,3,4,2,1133.91,1,3,1,3,1,1,7,1,PAYMENT
322,SES-8321,14.8,10,5,2,5,13664.89,0,0,0,11,0,0,0,1,DELIVERY
323,SES-8322,12.9,13,6,3,2,1117.92,1,0,0,3,0,0,5,0,TECHNICAL
324,SES-8323,4.6,12,3,2,1,884.54,1,1,0,4,0,0,3,0,PRODUCT_INFORMATION
325,SES-8324,35.1,9,0,3,0,0.0,0,0,0,3,0,0,0,1,PRODUCT_INFORMATION
326,SES-8325,15.7,12,3,1,2,5280.35,1,3,1,3,1,1,1,1,PAYMENT
327,SES-8326,9.9,13,7,3,3,2486.91,1,1,0,2,0,1,2,0,PRICE
328,SES-8327,11.4,9,7,0,1,1359.47,1,1,0,3,0,0,0,0,DECISION_DIFFICULTY
329,SES-8328,7.0,8,5,1,1,2774.36,1,1,0,5,0,0,3,0,PRICE
330,SES-8329,4.1,5,1,3,0,0.0,0,0,0,12,0,0,3,0,DELIVERY
331,SES-8330,5.8,9,6,3,4,7500.0,1,3,1,8,1,1,5,1,PAYMENT
332,SES-8331,16.6,11,0,2,0,0.0,0,0,0,3,0,0,2,0,PRODUCT_INFORMATION
333,SES-8332,1.2,10,1,3,2,3229.27,1,2,1,2,1,1,2,1,PAYMENT
334,SES-8333,2.4,9,7,4,4,1624.58,1,0,0,5,0,0,1,0,DECISION_DIFFICULTY
335,SES-8334,1.5,10,9,2,1,474.35,1,1,0,1,1,0,1,1,SUPPORT
336,SES-8335,1.5,11,3,2,4,8141.42,1,1,0,8,0,0,4,1,DELIVERY
337,SES-8336,22.3,11,2,4,1,907.63,0,0,0,7,0,0,4,0,PRODUCT_INFORMATION
338,SES-8337,14.4,9,1,6,1,1548.35,1,1,0,7,0,0,0,0,PRODUCT_INFORMATION
339,SES-8338,8.1,7,2,1,2,3446.59,0,0,0,5,0,0,2,0,PRICE
340,SES-8339,2.1,11,5,3,7,14011.48,0,0,0,12,1,0,0,1,DELIVERY
341,SES-8340,8.4,13,3,2,3,1802.98,1,1,0,4,1,0,1,0,SUPPORT
342,SES-8341,8.1,13,2,2,4,8896.42,1,2,0,13,0,0,0,1,PAYMENT
343,SES-8342,3.1,11,2,3,1,2608.4,1,1,0,8,0,1,4,0,DELIVERY
344,SES-8343,7.3,9,2,2,0,0.0,0,0,0,2,0,0,0,0,PRODUCT_INFORMATION
345,SES-8344,6.6,9,7,5,2,2626.14,0,0,0,9,0,0,3,1,PRICE
346,SES-8345,11.5,10,8,2,4,8740.65,1,1,0,3,0,0,5,0,PRICE
347,SES-8346,12.1,11,8,0,3,2988.77,1,1,0,6,0,0,4,0,DECISION_DIFFICULTY
348,SES-8347,1.5,7,4,3,0,0.0,0,0,0,1,0,0,0,0,DECISION_DIFFICULTY
349,SES-8348,6.2,11,0,2,0,0.0,0,0,0,3,0,0,3,0,PRODUCT_INFORMATION
350,SES-8349,11.8,12,9,5,1,2510.26,0,0,0,6,0,0,3,1,PRICE
351,SES-8350,8.7,13,4,2,2,2457.76,1,1,1,12,0,0,1,1,PAYMENT
352,SES-8351,22.4,3,0,3,0,0.0,0,0,0,3,0,0,5,0,PRODUCT_INFORMATION
353,SES-8352,12.8,8,0,2,0,0.0,0,0,0,4,0,0,2,0,PRODUCT_INFORMATION
354,SES-8353,3.0,13,12,6,2,2276.53,1,1,0,5,0,0,0,0,PRICE
355,SES-8354,1.8,15,9,4,3,1883.54,1,1,0,11,1,0,5,0,DELIVERY
356,SES-8355,12.3,11,7,7,1,874.33,0,0,0,4,0,1,0,1,PRODUCT_TRUST
357,SES-8356,1.3,11,6,0,1,1230.91,1,2,1,10,1,1,1,1,PAYMENT
358,SES-8357,10.7,11,1,3,1,1418.25,1,3,0,12,1,0,3,0,PAYMENT
359,SES-8358,32.0,10,1,1,4,8386.02,0,0,0,10,0,0,4,0,DELIVERY
360,SES-8359,10.4,8,5,2,1,1500.28,0,0,0,6,0,0,2,0,DECISION_DIFFICULTY
361,SES-8360,6.4,5,3,4,0,0.0,0,0,0,2,0,0,2,0,PRODUCT_INFORMATION
362,SES-8361,12.3,12,8,2,6,13282.73,1,1,0,5,0,1,5,0,PRODUCT_INFORMATION
363,SES-8362,7.7,13,8,9,2,3357.42,1,1,1,6,0,1,1,1,PAYMENT
364,SES-8363,9.7,7,5,3,1,2654.58,0,0,0,11,1,1,1,1,DELIVERY
365,SES-8364,32.2,7,2,2,0,0.0,1,2,1,6,1,1,2,1,PAYMENT
366,SES-8365,6.4,10,4,6,1,1681.44,1,1,0,4,0,0,5,0,DECISION_DIFFICULTY
367,SES-8366,36.7,9,6,1,0,0.0,0,0,0,3,0,0,1,0,DECISION_DIFFICULTY
368,SES-8367,26.9,13,11,4,0,0.0,0,0,0,4,0,0,4,0,DECISION_DIFFICULTY
369,SES-8368,3.4,7,0,3,0,0.0,0,0,0,5,0,0,1,0,PRODUCT_INFORMATION
370,SES-8369,1.8,12,2,4,2,2754.19,1,1,0,3,0,0,0,0,PRODUCT_INFORMATION
371,SES-8370,2.2,14,3,5,3,2433.87,1,1,0,4,0,0,0,0,PRODUCT_INFORMATION
372,SES-8371,1.2,13,1,3,2,4852.21,0,0,0,1,0,0,2,1,PRICE
373,SES-8372,2.1,7,0,6,0,0.0,0,0,0,8,0,1,2,1,DELIVERY
374,SES-8373,13.6,11,6,3,1,2149.23,1,1,0,1,0,0,2,0,DECISION_DIFFICULTY
375,SES-8374,1.8,8,5,6,1,517.0,1,0,0,4,1,1,2,1,SUPPORT
376,SES-8375,5.2,10,4,4,1,572.57,0,0,0,4,0,0,2,1,DECISION_DIFFICULTY
377,SES-8376,21.5,10,6,3,3,5782.26,0,0,0,12,0,0,3,0,DELIVERY
378,SES-8377,1.3,8,2,5,3,6592.57,1,1,0,10,0,0,4,1,DELIVERY
379,SES-8378,19.5,11,4,2,3,1392.35,0,0,0,5,0,0,3,0,DECISION_DIFFICULTY
380,SES-8379,4.6,8,1,2,1,1097.2,1,1,0,5,0,0,1,0,PRODUCT_INFORMATION
381,SES-8380,2.4,11,4,3,0,0.0,0,0,0,4,0,0,2,0,DECISION_DIFFICULTY
382,SES-8381,14.1,6,2,3,2,1910.14,1,1,0,1,0,0,3,0,PRODUCT_INFORMATION
383,SES-8382,11.9,10,9,1,0,0.0,0,0,0,3,1,1,3,0,SUPPORT
384,SES-8383,24.1,6,2,3,1,662.19,1,1,0,7,0,0,2,0,PRODUCT_INFORMATION
385,SES-8384,15.6,8,6,4,2,1903.2,0,0,0,5,0,0,0,1,DECISION_DIFFICULTY
386,SES-8385,18.9,7,0,2,0,0.0,0,0,0,7,0,0,1,0,PRODUCT_INFORMATION
387,SES-8386,4.6,10,2,2,0,0.0,0,0,0,7,1,0,2,0,SUPPORT
388,SES-8387,3.1,10,7,3,2,4916.44,0,0,0,2,0,0,1,1,PRICE
389,SES-8388,16.3,9,4,4,3,2284.17,1,1,0,3,0,0,2,1,PRICE
390,SES-8389,19.1,8,6,2,2,2575.45,1,2,0,5,0,0,3,0,PAYMENT
391,SES-8390,52.2,16,0,3,0,0.0,0,0,0,8,0,0,1,0,DELIVERY
392,SES-8391,6.9,10,0,2,0,0.0,0,0,0,7,0,0,3,0,PRODUCT_INFORMATION
393,SES-8392,6.1,8,3,4,4,7334.63,1,0,0,4,1,0,5,0,SUPPORT
394,SES-8393,17.5,12,4,3,4,8982.33,0,0,0,10,0,0,5,1,DELIVERY
395,SES-8394,5.6,13,12,6,1,1476.11,1,3,1,3,1,1,3,1,PAYMENT
396,SES-8395,30.4,12,9,3,2,5171.3,0,0,0,4,0,0,4,0,PRICE
397,SES-8396,22.5,13,2,1,1,1839.18,0,0,0,3,0,0,2,0,TECHNICAL
398,SES-8397,7.2,10,5,2,2,4139.05,1,0,0,3,0,0,5,0,PRICE
399,SES-8398,16.3,9,2,4,3,5894.3,0,0,0,1,0,0,3,0,PRICE
400,SES-8399,16.5,8,4,5,1,2014.63,1,3,1,3,0,0,1,0,PAYMENT
401,SES-8400,2.2,9,0,4,0,0.0,0,0,0,3,0,0,0,0,PRODUCT_INFORMATION
402,SES-8401,26.6,6,2,3,1,577.03,1,1,0,2,1,0,2,0,SUPPORT
403,SES-8402,8.7,13,6,2,3,5547.71,1,4,0,4,1,1,1,1,PAYMENT
404,SES-8403,20.3,10,2,2,5,11400.79,0,0,0,3,0,0,2,0,PRICE
405,SES-8404,5.2,13,4,7,0,0.0,0,0,0,7,0,0,1,0,DECISION_DIFFICULTY
406,SES-8405,25.8,13,6,0,0,0.0,0,0,0,2,0,0,1,0,DECISION_DIFFICULTY
407,SES-8406,6.4,9,1,4,2,5370.72,0,0,0,6,0,0,2,1,PRICE
408,SES-8407,1.1,12,2,5,2,1415.31,1,1,0,2,1,0,2,0,SUPPORT
409,SES-8408,26.9,15,3,5,0,0.0,0,0,0,4,0,0,2,1,PRODUCT_INFORMATION
410,SES-8409,2.1,6,4,4,3,1996.29,0,0,0,6,0,0,6,0,DECISION_DIFFICULTY
411,SES-8410,5.2,12,11,0,3,3237.66,1,0,0,5,0,0,4,1,PRICE
412,SES-8411,34.0,10,8,2,3,5674.75,0,0,0,5,0,0,4,0,PRICE
413,SES-8412,34.1,14,8,3,1,1126.85,1,1,0,3,0,0,1,0,DECISION_DIFFICULTY
414,SES-8413,10.4,8,7,3,3,3831.96,1,3,1,7,0,1,2,1,PAYMENT
415,SES-8414,12.0,10,3,8,3,6572.17,1,1,0,11,0,0,0,0,DELIVERY
416,SES-8415,7.5,6,5,3,2,3559.92,0,0,0,2,0,0,2,0,PRICE
417,SES-8416,4.8,12,8,1,3,4929.92,1,1,0,8,1,0,3,1,DELIVERY
418,SES-8417,5.4,9,3,1,0,0.0,0,0,0,4,0,0,2,0,DELIVERY
419,SES-8418,13.3,9,1,1,1,2089.96,1,0,0,6,0,0,3,0,TECHNICAL
420,SES-8419,16.4,11,9,2,3,4252.56,1,1,0,4,0,0,1,0,DECISION_DIFFICULTY
421,SES-8420,18.3,9,0,4,0,0.0,0,0,0,7,0,0,4,0,PRODUCT_INFORMATION
422,SES-8421,18.1,9,6,1,0,0.0,0,0,0,1,0,0,10,0,DECISION_DIFFICULTY
423,SES-8422,2.1,9,3,4,3,5075.85,0,0,0,3,0,0,2,0,PRICE
424,SES-8423,8.5,11,7,4,2,4655.05,0,0,0,1,0,0,3,0,PRICE
425,SES-8424,1.7,6,3,3,1,1565.06,1,1,0,10,0,1,2,1,DELIVERY
426,SES-8425,9.8,11,7,2,2,2140.58,1,2,1,3,1,1,2,1,PAYMENT
427,SES-8426,7.4,10,5,2,3,2316.7,0,0,0,4,0,0,3,0,PRICE
428,SES-8427,25.1,7,0,4,0,0.0,0,0,0,5,0,0,5,0,PRODUCT_INFORMATION
429,SES-8428,5.8,12,3,5,3,4258.97,0,0,0,4,0,0,1,0,PRICE
430,SES-8429,2.4,11,4,3,1,1353.7,0,0,0,4,0,0,4,0,DECISION_DIFFICULTY
431,SES-8430,2.7,14,3,2,1,1238.58,1,1,0,3,0,0,3,0,PRODUCT_INFORMATION
432,SES-8431,16.8,8,4,3,2,4023.74,1,1,0,2,0,0,2,0,PRICE
433,SES-8432,11.6,11,1,3,0,0.0,0,0,0,3,0,0,2,0,PRODUCT_INFORMATION
434,SES-8433,2.2,9,4,2,1,1689.37,0,0,0,3,0,0,0,1,DECISION_DIFFICULTY
435,SES-8434,2.0,8,1,2,2,2279.0,1,2,0,4,1,0,4,0,PAYMENT
436,SES-8435,14.3,14,7,8,1,1872.76,0,0,0,3,0,0,2,0,DECISION_DIFFICULTY
437,SES-8436,1.8,13,8,5,2,2736.88,0,0,0,1,0,0,0,0,PRICE
438,SES-8437,20.0,9,6,5,2,4493.5,1,1,0,2,0,1,0,0,PRODUCT_TRUST
439,SES-8438,14.5,10,6,3,2,3341.75,1,1,0,5,1,0,1,0,SUPPORT
440,SES-8439,1.9,6,5,2,1,1094.69,1,1,0,2,0,0,2,0,DECISION_DIFFICULTY
441,SES-8440,2.0,12,5,2,1,754.55,1,3,1,1,1,1,3,1,PAYMENT
442,SES-8441,48.5,6,1,7,1,2079.85,1,1,0,7,0,0,1,0,PRODUCT_INFORMATION
443,SES-8442,6.2,10,9,3,1,1290.65,1,2,1,1,1,1,2,1,PAYMENT
444,SES-8443,6.1,10,9,2,2,1114.45,1,1,0,2,0,0,1,0,DECISION_DIFFICULTY
445,SES-8444,19.4,15,12,2,0,0.0,0,0,0,5,0,0,2,1,DECISION_DIFFICULTY
446,SES-8445,33.4,7,0,3,0,0.0,0,0,0,4,1,0,2,1,SUPPORT
447,SES-8446,48.0,10,4,0,3,6570.79,0,0,0,11,0,0,3,1,DELIVERY
448,SES-8447,16.4,7,5,4,0,0.0,0,0,0,10,0,1,1,0,DELIVERY
449,SES-8448,6.2,13,0,1,0,0.0,0,0,0,5,0,0,2,0,DECISION_DIFFICULTY
450,SES-8449,2.0,11,4,4,5,2348.87,0,0,0,2,0,0,2,1,PRICE
451,SES-8450,17.5,7,5,2,2,2045.15,1,1,0,4,0,0,5,0,PRICE
452,SES-8451,10.0,10,9,6,1,1709.86,1,0,0,1,0,0,2,0,PRODUCT_TRUST
453,SES-8452,7.1,8,7,2,2,2351.5,1,1,0,9,0,1,4,1,DELIVERY
454,SES-8453,27.1,10,1,2,1,2182.45,1,1,1,5,0,1,6,0,PAYMENT
455,SES-8454,2.3,11,6,5,1,2052.2,0,0,0,5,1,1,2,1,SUPPORT
456,SES-8455,8.5,9,3,5,4,1845.03,1,1,1,4,1,1,0,1,PAYMENT
457,SES-8456,1.1,7,4,1,3,5523.69,0,0,0,4,0,0,3,0,PRICE
458,SES-8457,8.0,9,2,5,1,2406.13,1,3,1,4,0,0,3,1,PAYMENT
459,SES-8458,1.6,9,4,5,1,1157.49,1,1,0,2,0,0,2,0,DECISION_DIFFICULTY
460,SES-8459,2.4,9,3,7,3,2203.38,1,1,0,5,0,0,2,0,PRODUCT_INFORMATION
461,SES-8460,2.4,12,11,1,4,8687.65,0,0,0,14,1,1,4,1,DECISION_DIFFICULTY
462,SES-8461,12.5,8,5,5,2,5122.05,0,0,0,2,0,0,1,1,PRICE
463,SES-8462,16.1,9,5,3,1,1976.57,1,1,0,14,0,0,5,0,DELIVERY
464,SES-8463,10.6,11,1,1,2,4861.01,1,1,0,9,0,0,3,0,DELIVERY
465,SES-8464,37.0,8,2,2,1,2796.8,1,1,0,9,0,0,0,1,DELIVERY
466,SES-8465,6.2,10,9,3,1,1598.53,1,1,0,7,0,0,3,0,DECISION_DIFFICULTY
467,SES-8466,4.7,11,0,4,0,0.0,0,0,0,10,1,1,3,1,DELIVERY
468,SES-8467,23.3,7,6,1,2,2452.94,1,3,1,3,1,1,3,1,PAYMENT
469,SES-8468,3.8,9,8,4,2,4379.11,1,4,0,4,0,0,3,1,PAYMENT
470,SES-8469,37.3,10,1,2,2,5127.04,1,2,0,4,0,0,0,0,PAYMENT
471,SES-8470,1.1,12,6,3,2,3300.2,1,1,0,2,0,1,4,1,PRICE
472,SES-8471,39.5,9,2,0,1,1903.52,0,0,0,13,0,0,3,0,DELIVERY
473,SES-8472,1.5,14,4,2,2,5458.37,0,0,0,5,0,0,1,0,PRICE
474,SES-8473,25.4,7,5,6,1,1002.83,0,0,0,4,0,1,4,0,DECISION_DIFFICULTY
475,SES-8474,9.3,7,3,5,5,6271.73,1,3,1,14,1,1,5,1,PAYMENT
476,SES-8475,55.5,10,1,5,0,0.0,0,0,0,3,0,0,0,1,PRODUCT_INFORMATION
477,SES-8476,1.8,8,2,4,1,1218.33,0,0,0,3,0,0,4,0,PRODUCT_INFORMATION
478,SES-8477,9.9,7,6,1,0,0.0,0,0,0,3,0,0,0,0,DECISION_DIFFICULTY
479,SES-8478,39.3,6,5,3,3,1563.3,0,0,0,3,0,0,2,0,DECISION_DIFFICULTY
480,SES-8479,9.1,11,4,2,4,7028.65,1,1,1,3,0,1,2,1,PAYMENT
481,SES-8480,11.9,10,4,2,3,5712.85,1,0,0,5,1,0,1,1,SUPPORT
482,SES-8481,14.1,12,0,2,0,0.0,0,0,0,3,1,1,2,0,SUPPORT
483,SES-8482,7.7,12,5,3,1,985.37,1,1,0,11,0,0,5,1,DELIVERY
484,SES-8483,11.9,14,12,0,1,1439.65,1,2,0,7,0,0,2,0,PAYMENT
485,SES-8484,10.7,12,8,4,1,2274.98,1,1,0,2,0,0,1,0,PRICE
486,SES-8485,26.5,12,7,10,2,903.95,1,1,0,7,0,0,2,0,DECISION_DIFFICULTY
487,SES-8486,1.5,12,11,3,2,2390.48,1,1,1,4,1,1,2,1,PAYMENT
488,SES-8487,4.6,10,9,2,0,0.0,0,0,0,3,1,0,7,0,SUPPORT
489,SES-8488,34.0,12,0,5,0,0.0,0,0,0,6,0,0,0,0,PRODUCT_INFORMATION
490,SES-8489,25.3,9,5,4,2,3194.12,1,0,0,8,0,0,3,0,DELIVERY
491,SES-8490,7.7,13,2,2,1,2212.89,0,0,0,11,1,1,3,1,DELIVERY
492,SES-8491,11.6,12,5,5,2,818.81,0,0,0,4,0,0,4,1,DECISION_DIFFICULTY
493,SES-8492,4.6,6,0,9,0,0.0,0,0,0,5,1,0,3,1,SUPPORT
494,SES-8493,3.3,10,5,0,2,5077.89,1,1,1,5,1,0,3,1,PAYMENT
495,SES-8494,7.9,9,7,2,2,2323.62,1,1,0,5,0,0,2,0,PRICE
496,SES-8495,5.8,10,5,2,3,3602.57,0,0,0,4,0,0,4,1,PRICE
497,SES-8496,10.6,9,5,2,1,402.57,1,2,1,2,1,1,0,1,PAYMENT
498,SES-8497,1.9,8,7,9,0,0.0,0,0,0,2,0,0,2,1,DECISION_DIFFICULTY
499,SES-8498,41.3,8,6,1,1,1871.23,1,1,0,9,0,0,3,0,DELIVERY
500,SES-8499,48.1,9,6,2,1,694.47,1,1,1,4,1,0,1,1,PAYMENT
501,SES-8500,14.2,10,9,2,0,0.0,0,0,0,3,0,0,2,0,DECISION_DIFFICULTY
502,SES-8501,9.4,14,10,1,2,2555.56,0,0,0,13,0,1,1,1,DELIVERY
503,SES-8502,5.1,11,3,3,1,2015.19,0,0,0,7,0,0,4,0,PRODUCT_INFORMATION
504,SES-8503,19.5,12,7,3,3,3007.9,1,1,0,13,0,0,6,1,DELIVERY
505,SES-8504,13.7,6,3,3,1,2259.15,1,3,1,3,0,0,4,1,PAYMENT
506,SES-8505,3.0,10,6,4,1,1717.25,0,0,0,4,0,0,3,0,DECISION_DIFFICULTY
507,SES-8506,27.6,6,0,2,0,0.0,0,0,0,7,0,0,6,0,PRODUCT_INFORMATION
508,SES-8507,20.0,9,8,1,1,1571.58,1,1,0,5,0,0,5,0,DECISION_DIFFICULTY
509,SES-8508,33.9,12,9,5,0,0.0,0,0,0,4,0,0,6,0,DECISION_DIFFICULTY
510,SES-8509,15.2,8,0,6,0,0.0,0,0,0,2,0,0,1,0,PRODUCT_INFORMATION
511,SES-8510,11.5,9,6,4,1,783.04,1,1,0,5,1,0,1,0,SUPPORT
512,SES-8511,7.0,6,1,2,1,1901.93,1,1,0,5,0,0,4,0,PRODUCT_INFORMATION
513,SES-8512,30.7,9,6,3,2,3267.62,0,0,0,6,0,0,2,0,DECISION_DIFFICULTY
514,SES-8513,23.1,11,0,2,0,0.0,0,0,0,7,0,0,2,0,PRODUCT_INFORMATION
515,SES-8514,1.5,12,2,3,0,0.0,0,0,0,2,0,0,2,0,PRODUCT_INFORMATION
516,SES-8515,1.3,9,5,2,2,1181.05,1,1,0,5,0,0,3,0,DECISION_DIFFICULTY
517,SES-8516,6.2,11,4,2,3,6418.79,1,1,0,6,0,0,1,0,PRICE
518,SES-8517,19.3,8,4,3,0,0.0,0,0,0,4,0,0,2,0,DECISION_DIFFICULTY
519,SES-8518,49.0,13,8,3,2,3167.63,1,2,1,3,0,1,4,1,PAYMENT
520,SES-8519,2.8,8,5,2,2,4394.16,1,0,0,4,0,0,4,0,PRICE
521,SES-8520,10.9,11,2,1,3,3221.35,1,2,0,3,0,1,4,0,PAYMENT
522,SES-8521,6.3,10,1,2,1,1471.42,1,4,1,4,0,0,0,1,PAYMENT
523,SES-8522,39.5,12,8,7,0,0.0,0,0,0,3,0,0,2,0,DECISION_DIFFICULTY
524,SES-8523,21.3,14,9,3,1,2771.9,0,0,0,4,1,0,1,0,SUPPORT
525,SES-8524,21.0,7,5,1,3,1605.03,1,0,0,9,0,0,3,1,DELIVERY
526,SES-8525,8.0,8,3,4,4,2602.77,1,1,0,9,1,0,3,0,DELIVERY
527,SES-8526,6.9,8,2,2,1,1587.73,0,0,0,14,0,0,0,1,DELIVERY
528,SES-8527,4.5,9,4,1,0,0.0,0,0,0,4,0,0,3,0,DECISION_DIFFICULTY
529,SES-8528,1.6,10,8,5,1,1677.64,1,2,0,2,0,0,2,0,PAYMENT
530,SES-8529,23.0,12,4,2,1,2404.03,1,1,0,8,0,0,3,0,DELIVERY
531,SES-8530,19.4,14,6,0,0,0.0,0,0,0,5,0,0,4,0,DECISION_DIFFICULTY
532,SES-8531,60.0,5,1,1,0,0.0,1,1,1,6,1,1,4,1,PAYMENT
533,SES-8532,60.0,9,1,3,2,886.57,0,0,0,2,0,0,1,1,PRODUCT_INFORMATION
534,SES-8533,9.9,9,3,1,2,4592.21,0,0,0,3,1,0,3,0,SUPPORT
535,SES-8534,17.1,11,7,2,2,4715.02,0,0,0,3,0,0,3,1,PRICE
536,SES-8535,32.9,12,1,2,1,1310.51,1,3,1,5,1,1,2,1,PAYMENT
537,SES-8536,21.8,9,6,4,0,0.0,0,0,0,14,0,0,3,1,DELIVERY
538,SES-8537,4.1,14,12,3,2,4693.09,1,1,0,5,0,0,1,0,PRICE
539,SES-8538,7.6,7,4,2,1,2582.1,1,1,0,5,0,0,5,0,PRICE
540,SES-8539,2.5,11,0,1,0,0.0,0,0,0,6,0,0,3,0,TECHNICAL
541,SES-8540,34.9,10,8,1,2,3583.07,0,0,0,3,0,0,1,0,PRICE
542,SES-8541,11.3,9,5,2,2,5303.14,1,2,0,3,0,0,2,1,PAYMENT
543,SES-8542,3.9,11,10,4,3,5834.9,1,1,0,7,0,0,4,0,PRICE
544,SES-8543,13.3,10,0,1,0,0.0,0,0,0,11,0,1,3,1,DELIVERY
545,SES-8544,11.6,11,9,4,3,2854.72,1,1,1,4,1,1,6,1,PAYMENT
546,SES-8545,5.9,8,5,5,2,1291.21,0,0,0,1,0,0,0,0,DECISION_DIFFICULTY
547,SES-8546,2.3,7,5,6,1,1302.85,1,1,1,3,1,0,1,1,PAYMENT
548,SES-8547,13.2,7,4,3,2,2696.53,1,0,0,8,0,1,0,0,DELIVERY
549,SES-8548,9.1,6,5,5,3,6860.67,1,3,1,2,0,0,2,1,PAYMENT
550,SES-8549,17.3,8,3,1,4,5500.43,1,1,0,6,0,0,2,1,PRICE
551,SES-8550,9.1,6,4,3,1,967.85,0,0,0,5,0,0,2,1,DECISION_DIFFICULTY
552,SES-8551,22.0,14,4,3,2,5054.43,1,3,1,6,0,1,3,1,PAYMENT
553,SES-8552,9.8,11,3,4,3,6835.11,1,3,0,3,0,0,4,0,PRICE
554,SES-8553,10.1,9,6,1,1,2001.52,1,0,0,1,0,0,2,1,TECHNICAL
555,SES-8554,24.0,10,8,1,1,897.07,1,1,0,1,0,0,0,0,DECISION_DIFFICULTY
556,SES-8555,6.7,3,0,0,0,0.0,0,0,0,6,0,0,1,0,DELIVERY
557,SES-8556,2.6,7,3,1,2,3158.51,1,1,0,5,0,0,5,0,PRICE
558,SES-8557,1.3,10,1,5,1,1674.21,1,1,0,7,0,0,4,0,PRODUCT_INFORMATION
559,SES-8558,16.5,8,7,5,2,2029.26,0,0,0,4,0,0,2,0,DECISION_DIFFICULTY
560,SES-8559,11.7,12,1,2,2,1392.18,1,2,1,5,1,1,2,1,PAYMENT
561,SES-8560,14.4,9,1,3,1,1271.69,1,2,0,6,0,0,1,1,PAYMENT
562,SES-8561,3.6,6,3,1,0,0.0,0,0,0,4,0,0,2,0,TECHNICAL
563,SES-8562,2.6,8,3,4,2,1052.2,0,0,0,14,1,0,0,1,DELIVERY
564,SES-8563,1.2,12,0,6,0,0.0,0,0,0,6,0,0,2,0,PRODUCT_INFORMATION
565,SES-8564,5.7,10,3,6,3,1214.48,0,0,0,5,0,0,2,1,PRODUCT_INFORMATION
566,SES-8565,10.8,9,5,2,2,1525.63,1,4,1,7,0,1,2,1,PAYMENT
567,SES-8566,6.5,9,1,1,1,752.7,1,3,1,6,0,0,0,1,PAYMENT
568,SES-8567,7.3,5,3,0,3,6150.39,1,1,0,3,0,0,3,0,PRICE
569,SES-8568,26.8,14,10,2,3,4698.42,1,2,1,3,1,1,3,1,PAYMENT
570,SES-8569,5.7,13,6,2,0,0.0,0,0,0,5,0,0,2,0,DECISION_DIFFICULTY
571,SES-8570,8.9,8,4,6,3,3106.91,1,2,0,4,0,0,5,0,PAYMENT
572,SES-8571,17.8,11,8,6,2,1810.76,0,0,0,8,0,0,5,0,DECISION_DIFFICULTY
573,SES-8572,6.6,15,1,7,1,2326.95,1,1,0,3,0,0,5,0,PRODUCT_INFORMATION
574,SES-8573,11.7,8,7,2,1,1466.09,1,1,0,3,0,0,1,0,DECISION_DIFFICULTY
575,SES-8574,22.8,9,5,3,3,3174.46,0,0,0,2,0,0,1,0,PRICE
576,SES-8575,33.8,6,1,6,0,0.0,0,0,0,13,0,1,2,0,DELIVERY
577,SES-8576,2.7,12,10,2,4,5682.63,1,1,0,2,0,0,2,0,PRICE
578,SES-8577,29.7,8,0,6,0,0.0,0,0,0,13,0,0,3,0,DELIVERY
579,SES-8578,8.5,11,6,1,2,980.8,1,1,1,6,1,1,2,1,PAYMENT
580,SES-8579,4.3,14,12,3,0,0.0,0,0,0,2,1,0,1,0,DELIVERY
581,SES-8580,7.8,10,8,4,2,3041.09,0,0,0,2,1,0,2,1,SUPPORT
582,SES-8581,44.1,12,8,3,1,1701.5,1,1,0,3,0,0,2,0,DECISION_DIFFICULTY
583,SES-8582,8.5,7,6,1,0,0.0,0,0,0,3,0,0,1,1,DECISION_DIFFICULTY
584,SES-8583,5.4,11,1,6,3,2594.08,1,1,0,12,0,1,4,0,DELIVERY
585,SES-8584,12.0,9,3,3,1,2146.25,0,0,0,5,0,0,4,0,PRODUCT_INFORMATION
586,SES-8585,4.0,11,0,4,0,0.0,0,0,0,2,0,0,2,0,PRODUCT_INFORMATION
587,SES-8586,1.9,10,6,6,3,1741.03,1,1,0,4,0,0,1,0,DECISION_DIFFICULTY
588,SES-8587,2.5,12,1,2,2,5552.38,1,1,0,9,0,0,3,0,DELIVERY
589,SES-8588,2.5,3,1,2,6,8636.98,1,1,0,4,0,0,3,0,PRICE
590,SES-8589,2.8,9,0,2,0,0.0,0,0,0,5,0,0,2,0,PRODUCT_INFORMATION
591,SES-8590,2.6,9,6,1,0,0.0,0,0,0,6,0,0,3,0,DECISION_DIFFICULTY
592,SES-8591,12.3,8,5,4,3,3691.36,0,0,0,3,0,0,5,0,PRICE
593,SES-8592,3.2,5,1,2,3,5122.49,1,0,0,8,0,1,3,1,DELIVERY
594,SES-8593,5.7,10,3,4,2,3600.33,1,0,0,4,0,0,3,0,PRICE
595,SES-8594,26.0,11,10,0,1,2225.83,1,3,1,2,0,0,1,1,PAYMENT
596,SES-8595,8.1,9,2,5,2,3976.6,1,0,0,8,1,1,0,0,DELIVERY
597,SES-8596,13.1,10,2,0,2,2944.05,1,0,0,5,0,0,1,0,TECHNICAL
598,SES-8597,3.1,11,2,0,2,1718.39,0,0,0,3,0,0,3,0,PRODUCT_INFORMATION
599,SES-8598,3.3,8,2,2,0,0.0,0,0,0,3,0,0,3,0,PRODUCT_INFORMATION
600,SES-8599,1.5,8,3,8,2,3928.9,1,1,0,5,0,0,5,1,PRODUCT_INFORMATION
601,SES-8600,3.0,9,0,3,0,0.0,0,0,0,4,0,0,4,0,DELIVERY
602,SES-8601,4.6,10,0,4,0,0.0,0,0,0,3,0,0,1,0,PRODUCT_INFORMATION
603,SES-8602,3.1,8,6,1,1,635.96,0,0,0,4,0,0,0,0,DECISION_DIFFICULTY
604,SES-8603,2.0,8,4,1,1,574.3,1,2,1,3,0,0,2,1,PAYMENT
605,SES-8604,2.4,10,2,2,3,2505.21,0,0,0,3,0,0,4,0,PRICE
606,SES-8605,7.8,18,8,3,1,1304.4,0,0,0,7,0,0,1,0,DECISION_DIFFICULTY
607,SES-8606,3.5,9,0,4,0,0.0,0,0,0,3,1,1,3,1,SUPPORT
608,SES-8607,6.0,8,5,4,0,0.0,0,0,0,6,0,0,3,0,DECISION_DIFFICULTY
609,SES-8608,8.7,10,8,2,2,2430.6,1,1,0,3,0,0,2,0,PRICE
610,SES-8609,13.9,9,4,6,1,2798.78,1,1,0,3,1,0,3,1,SUPPORT
611,SES-8610,1.4,11,5,4,3,8160.26,1,1,1,3,0,0,3,1,PAYMENT
612,SES-8611,18.7,16,1,4,2,2551.12,1,1,0,4,0,0,2,1,PRODUCT_INFORMATION
613,SES-8612,11.9,5,2,4,2,4602.08,1,1,0,2,0,0,2,0,PRODUCT_INFORMATION
614,SES-8613,1.9,9,0,0,0,0.0,0,0,0,2,0,1,6,0,DELIVERY
615,SES-8614,23.7,5,3,8,2,1077.18,1,1,0,6,0,0,1,0,PRODUCT_INFORMATION
616,SES-8615,28.9,8,2,3,7,3480.2,1,1,0,1,0,0,7,0,PRODUCT_INFORMATION
617,SES-8616,1.7,9,3,4,4,1880.1,1,1,0,4,0,0,1,0,PRODUCT_INFORMATION
618,SES-8617,4.6,10,4,5,2,4332.49,0,0,0,4,0,1,3,0,PRICE
619,SES-8618,19.1,15,0,6,0,0.0,0,0,0,9,0,0,4,0,DELIVERY
620,SES-8619,16.2,6,2,5,1,2377.2,1,2,1,6,1,0,4,1,PAYMENT
621,SES-8620,3.2,8,2,0,2,4994.4,1,1,0,4,0,1,1,1,PRODUCT_TRUST
622,SES-8621,3.6,11,8,4,1,1133.21,1,1,0,4,0,0,1,0,DECISION_DIFFICULTY
623,SES-8622,6.1,11,6,1,1,1093.94,1,1,0,5,0,0,1,0,DECISION_DIFFICULTY
624,SES-8623,8.3,4,1,1,4,4556.11,1,1,0,4,0,0,3,0,PRICE
625,SES-8624,11.6,14,12,2,1,1541.08,1,1,0,6,1,1,3,1,SUPPORT
626,SES-8625,6.1,7,0,2,0,0.0,0,0,0,5,0,0,3,0,PRODUCT_INFORMATION
627,SES-8626,7.8,9,1,3,0,0.0,0,0,0,5,0,0,3,1,PRODUCT_INFORMATION
628,SES-8627,16.1,15,2,1,1,2165.14,1,1,0,2,0,0,4,0,PRICE
629,SES-8628,1.4,13,11,4,6,14038.2,1,3,1,2,0,1,5,1,PAYMENT
630,SES-8629,4.2,11,2,1,2,1779.81,0,0,0,1,0,0,5,0,DELIVERY
631,SES-8630,14.7,8,7,4,0,0.0,0,0,0,6,0,0,5,0,DECISION_DIFFICULTY
632,SES-8631,25.8,11,4,2,1,918.42,1,1,1,4,1,1,1,1,PAYMENT
633,SES-8632,8.9,13,8,4,4,8648.45,1,2,1,11,1,1,3,1,PAYMENT
634,SES-8633,9.4,11,2,3,0,0.0,0,0,0,11,0,0,0,0,DELIVERY
635,SES-8634,2.2,8,7,10,1,2374.61,0,0,0,7,0,0,5,1,PRICE
636,SES-8635,7.5,8,5,2,3,8029.48,1,1,1,4,0,0,1,1,PAYMENT
637,SES-8636,9.4,13,3,2,2,3466.17,1,2,1,3,1,1,1,1,PAYMENT
638,SES-8637,4.1,10,7,4,2,5123.2,0,0,0,3,0,1,6,0,TECHNICAL
639,SES-8638,4.5,9,0,4,0,0.0,0,0,0,3,0,0,5,0,PRODUCT_INFORMATION
640,SES-8639,6.2,8,3,6,0,0.0,0,0,0,14,1,0,3,0,DELIVERY
641,SES-8640,1.2,6,0,1,0,0.0,1,1,0,4,0,0,2,0,PAYMENT
642,SES-8641,5.3,8,4,3,1,1397.95,1,3,1,1,0,1,3,1,PAYMENT
643,SES-8642,3.6,6,0,2,0,0.0,1,4,1,1,0,0,0,1,PAYMENT
644,SES-8643,5.4,14,7,4,0,0.0,0,0,0,4,0,0,4,0,DECISION_DIFFICULTY
645,SES-8644,2.4,15,1,4,2,3452.87,0,0,0,4,0,0,1,1,PRODUCT_INFORMATION
646,SES-8645,25.3,10,3,3,2,1195.6,0,0,0,4,0,0,0,0,PRODUCT_INFORMATION
647,SES-8646,10.9,9,3,4,0,0.0,0,0,0,7,0,0,5,0,PRODUCT_INFORMATION
648,SES-8647,13.5,6,5,1,1,2530.04,0,0,0,6,0,0,0,0,PRICE
649,SES-8648,18.1,8,7,2,1,1248.32,1,3,1,2,0,0,1,1,PAYMENT
650,SES-8649,8.6,8,2,3,3,2972.62,0,0,0,4,0,0,2,1,PRODUCT_INFORMATION
651,SES-8650,2.0,9,1,4,3,5725.0,1,1,0,5,0,0,0,0,PRODUCT_INFORMATION
652,SES-8651,9.5,11,6,2,0,0.0,0,0,0,4,0,1,4,0,DECISION_DIFFICULTY
653,SES-8652,10.7,8,2,4,0,0.0,0,0,0,3,1,0,1,0,SUPPORT
654,SES-8653,16.1,9,8,4,3,6042.9,0,0,0,5,0,0,3,0,PRICE
655,SES-8654,7.2,9,4,4,2,2752.09,1,1,0,5,0,0,6,0,PRICE
656,SES-8655,2.5,12,11,2,1,2733.5,0,0,0,12,1,1,2,1,DELIVERY
657,SES-8656,4.7,9,7,2,3,6375.83,0,0,0,5,0,0,1,1,PRICE
658,SES-8657,6.0,9,4,9,3,7925.28,0,0,0,8,0,0,4,1,DELIVERY
659,SES-8658,12.4,9,0,3,0,0.0,0,0,0,10,1,1,1,1,DELIVERY
660,SES-8659,10.3,7,0,2,0,0.0,0,0,0,4,0,0,2,0,PRODUCT_INFORMATION
661,SES-8660,5.8,8,1,2,1,2004.71,1,1,0,2,0,0,3,0,PRICE
662,SES-8661,48.4,9,6,3,2,3664.1,1,3,1,2,1,0,3,1,PAYMENT
663,SES-8662,11.2,8,7,1,2,1063.19,1,1,0,4,0,0,1,0,DECISION_DIFFICULTY
664,SES-8663,4.0,8,7,5,4,4651.72,0,0,0,9,1,0,5,1,DELIVERY
665,SES-8664,2.2,7,3,2,1,1682.99,1,1,0,5,0,0,1,0,PRODUCT_INFORMATION
666,SES-8665,2.8,17,4,2,1,1715.57,1,1,0,3,0,0,1,0,DECISION_DIFFICULTY
667,SES-8666,4.1,8,1,3,1,2353.79,1,1,0,6,0,0,3,1,PRODUCT_INFORMATION
668,SES-8667,2.9,10,8,3,2,3620.66,1,1,0,9,0,1,1,1,DELIVERY
669,SES-8668,3.3,10,1,3,1,1519.62,1,3,1,1,1,1,3,1,PAYMENT
670,SES-8669,4.7,11,3,2,3,6614.11,1,2,0,3,0,0,4,0,PAYMENT
671,SES-8670,3.1,11,5,2,0,0.0,0,0,0,2,0,0,5,0,DECISION_DIFFICULTY
672,SES-8671,26.0,9,4,2,0,0.0,0,0,0,6,1,0,4,0,SUPPORT
673,SES-8672,1.9,12,0,2,0,0.0,0,0,0,9,0,0,3,0,DELIVERY
674,SES-8673,9.2,12,8,3,4,7402.12,1,1,0,5,0,0,2,0,PRICE
675,SES-8674,6.8,14,8,2,4,7017.62,1,0,0,7,0,0,3,1,PRICE
676,SES-8675,45.4,5,2,3,3,6249.22,0,0,0,5,0,1,2,1,PRICE
677,SES-8676,2.3,8,7,2,3,6423.69,0,0,0,5,0,0,2,1,PRICE
678,SES-8677,6.6,13,3,1,3,6435.61,1,3,1,5,0,0,1,1,PAYMENT
679,SES-8678,39.4,9,3,1,2,3779.39,1,0,0,2,0,0,1,1,PRICE
680,SES-8679,23.1,12,9,2,0,0.0,1,1,0,10,0,0,4,1,DELIVERY
681,SES-8680,19.7,11,7,2,2,1491.75,1,2,1,4,0,0,2,1,PAYMENT
682,SES-8681,4.3,13,5,3,3,7114.61,1,2,1,7,1,1,3,1,PAYMENT
683,SES-8682,3.1,10,1,2,3,3435.11,1,1,0,7,0,0,0,0,PRICE
684,SES-8683,13.2,13,3,2,4,10102.6,1,0,0,11,0,0,1,0,DELIVERY
685,SES-8684,30.2,11,0,3,0,0.0,0,0,0,3,0,0,1,0,PRODUCT_INFORMATION
686,SES-8685,10.0,20,18,2,1,408.65,0,0,0,14,0,0,1,1,DELIVERY
687,SES-8686,10.3,12,3,4,1,437.61,1,0,0,3,0,0,2,0,TECHNICAL
688,SES-8687,4.6,8,7,1,6,5426.3,1,1,0,4,0,0,4,0,PRICE
689,SES-8688,17.1,15,7,5,2,1346.12,1,1,1,6,1,0,3,1,PAYMENT
690,SES-8689,3.3,5,2,2,2,3458.78,0,0,0,2,0,0,0,0,PRICE
691,SES-8690,5.3,6,4,2,0,0.0,0,0,0,3,0,0,1,0,DECISION_DIFFICULTY
692,SES-8691,7.1,6,0,6,0,0.0,0,0,0,6,0,0,3,0,PRODUCT_INFORMATION
693,SES-8692,8.8,14,12,3,2,1724.75,0,0,0,12,1,1,3,1,DELIVERY
694,SES-8693,4.1,12,3,2,0,0.0,0,0,0,6,1,0,1,0,SUPPORT
695,SES-8694,2.3,7,1,1,1,1865.13,1,1,0,8,1,1,1,1,DELIVERY
696,SES-8695,11.4,15,3,6,1,930.87,1,3,1,1,1,0,1,1,PAYMENT
697,SES-8696,4.7,7,4,4,1,1357.42,1,1,0,5,0,0,3,0,DECISION_DIFFICULTY
698,SES-8697,10.6,9,2,0,0,0.0,0,0,0,9,0,0,0,0,DELIVERY
699,SES-8698,2.8,8,5,1,3,6098.67,1,2,1,5,1,1,4,0,PAYMENT
700,SES-8699,8.2,9,5,1,4,6998.45,1,1,0,5,0,0,3,0,PRICE
701,SES-8700,9.4,10,1,4,2,5499.29,1,4,1,3,0,0,3,1,PAYMENT
702,SES-8701,1.6,11,4,2,1,716.37,1,2,1,8,0,0,3,1,PAYMENT
703,SES-8702,5.5,16,3,6,5,7859.35,1,1,0,8,0,1,3,1,DELIVERY
704,SES-8703,2.6,10,4,5,2,3795.37,0,0,0,5,0,0,3,0,PRICE
705,SES-8704,1.7,13,12,1,4,11142.65,1,0,0,4,0,0,3,0,PRICE
706,SES-8705,51.6,16,8,2,1,1702.22,1,1,0,7,1,0,2,0,SUPPORT
707,SES-8706,5.3,13,5,4,2,2923.38,1,1,0,4,0,0,3,0,PRICE
708,SES-8707,19.3,14,6,3,3,7840.5,1,0,0,7,0,0,0,0,PRICE
709,SES-8708,4.2,8,5,3,3,4845.96,1,0,0,4,0,0,2,0,PRICE
710,SES-8709,13.6,8,2,2,2,5308.29,1,1,0,5,0,0,4,0,PRICE
711,SES-8710,16.7,9,7,6,2,4401.96,1,2,0,6,0,0,1,0,PAYMENT
712,SES-8711,11.0,8,6,3,1,802.94,0,0,0,3,0,0,5,0,DECISION_DIFFICULTY
713,SES-8712,8.0,9,8,3,2,1603.84,0,0,0,3,1,0,4,0,SUPPORT
714,SES-8713,6.8,13,4,2,0,0.0,0,0,0,5,0,0,0,0,DECISION_DIFFICULTY
715,SES-8714,5.7,12,7,2,0,0.0,0,0,0,11,0,1,0,1,DELIVERY
716,SES-8715,30.2,7,1,2,0,0.0,0,0,0,4,0,0,3,0,PRODUCT_INFORMATION
717,SES-8716,20.5,10,9,3,2,4926.76,0,0,0,9,1,1,1,1,DELIVERY
718,SES-8717,37.9,13,8,1,1,1360.06,1,1,0,4,0,1,1,0,PRODUCT_TRUST
719,SES-8718,2.5,12,1,3,2,3911.92,0,0,0,12,0,0,3,0,DELIVERY
720,SES-8719,15.4,7,4,1,1,2755.56,0,0,0,7,0,1,4,0,PRICE
721,SES-8720,31.6,6,3,5,1,864.96,1,1,0,8,1,1,2,1,DELIVERY
722,SES-8721,3.2,13,4,2,0,0.0,0,0,0,5,0,0,2,1,DECISION_DIFFICULTY
723,SES-8722,1.8,9,5,3,3,1379.93,1,1,0,8,0,1,5,0,DELIVERY
724,SES-8723,15.9,12,3,2,1,956.55,1,1,0,5,0,1,6,1,PRODUCT_INFORMATION
725,SES-8724,10.4,11,7,3,2,4541.21,1,1,0,5,1,0,1,0,SUPPORT
726,SES-8725,21.3,8,1,3,1,1975.82,1,2,1,8,0,0,1,1,PAYMENT
727,SES-8726,2.7,10,2,5,2,4562.28,0,0,0,1,0,0,3,0,PRICE
728,SES-8727,18.4,14,10,2,1,1420.75,0,0,0,4,0,0,1,0,DECISION_DIFFICULTY
729,SES-8728,3.5,4,0,1,0,0.0,0,0,0,8,1,0,3,1,DELIVERY
730,SES-8729,3.0,8,4,4,2,3677.87,1,2,1,3,1,0,2,1,PAYMENT
731,SES-8730,3.0,10,1,3,1,1188.2,1,1,0,11,0,0,1,1,DELIVERY
732,SES-8731,19.5,8,2,4,4,5559.08,1,1,0,6,1,1,1,1,SUPPORT
733,SES-8732,13.0,11,7,2,3,5097.58,1,0,0,6,0,0,4,1,PRICE
734,SES-8733,9.1,11,10,3,2,5390.89,1,2,1,5,1,1,3,1,PAYMENT
735,SES-8734,5.9,9,4,5,1,2635.27,1,1,0,4,0,1,2,0,PRICE
736,SES-8735,24.1,6,5,6,1,2767.55,0,0,0,4,0,0,5,0,PRICE
737,SES-8736,6.5,6,2,3,4,1757.55,0,0,0,7,0,0,2,0,PRODUCT_INFORMATION
738,SES-8737,19.7,10,4,3,4,8484.93,1,3,1,2,0,0,3,1,PAYMENT
739,SES-8738,7.4,10,8,2,3,7641.52,1,1,0,4,0,0,3,0,PRICE
740,SES-8739,6.2,10,2,2,1,2174.29,1,4,1,3,0,0,3,1,PAYMENT
741,SES-8740,7.8,8,3,4,3,4198.09,1,2,1,13,0,1,0,1,PAYMENT
742,SES-8741,4.9,13,9,3,1,2139.5,0,0,0,1,0,0,6,0,PRICE
743,SES-8742,16.1,12,6,4,1,1465.92,1,1,0,2,0,0,3,0,DECISION_DIFFICULTY
744,SES-8743,8.7,10,7,3,0,0.0,0,0,0,11,0,0,0,1,DELIVERY
745,SES-8744,3.9,12,4,4,5,11364.21,1,1,0,5,0,0,0,1,PRICE
746,SES-8745,26.3,9,2,4,5,12118.31,1,2,1,2,1,1,4,1,PAYMENT
747,SES-8746,6.3,4,2,1,0,0.0,0,0,0,4,0,0,3,0,PRICE
748,SES-8747,9.6,10,5,5,1,784.05,0,0,0,3,0,0,1,0,DECISION_DIFFICULTY
749,SES-8748,27.1,10,2,3,8,21176.53,1,0,0,9,0,0,1,1,DELIVERY
750,SES-8749,11.8,14,8,4,3,2736.41,1,2,1,5,1,1,2,1,PAYMENT
751,SES-8750,2.4,12,1,5,1,1258.16,0,0,0,2,0,0,5,0,PRODUCT_INFORMATION
752,SES-8751,31.9,5,4,2,5,7149.3,1,3,1,4,0,0,5,1,PAYMENT
753,SES-8752,11.9,13,2,6,1,2109.79,0,0,0,2,0,1,4,0,PRODUCT_INFORMATION
754,SES-8753,5.5,14,6,2,2,4165.94,0,0,0,5,0,0,1,1,PRICE
755,SES-8754,2.6,15,13,0,1,2708.14,1,1,0,6,0,0,1,0,PRICE
756,SES-8755,18.4,10,9,6,2,1704.86,1,3,0,5,1,0,3,1,PAYMENT
757,SES-8756,11.6,12,7,4,2,2963.5,1,1,0,11,0,0,3,0,DELIVERY
758,SES-8757,9.4,9,4,5,1,888.96,0,0,0,10,0,1,3,1,DELIVERY
759,SES-8758,25.7,8,4,5,1,2014.15,1,1,1,3,1,0,1,1,PAYMENT
760,SES-8759,18.1,8,4,1,2,1822.55,1,2,0,1,0,0,5,1,PAYMENT
761,SES-8760,2.8,10,3,4,3,7448.83,1,1,0,5,0,0,1,0,PRODUCT_INFORMATION
762,SES-8761,5.1,9,8,2,2,5517.15,0,0,0,4,0,0,2,0,PRICE
763,SES-8762,4.1,7,5,2,1,1160.42,1,1,0,3,0,0,3,0,DECISION_DIFFICULTY
764,SES-8763,16.0,6,4,3,1,2174.47,1,2,1,9,1,1,3,1,PAYMENT
765,SES-8764,1.4,7,3,1,2,3357.44,0,0,0,12,1,1,0,1,DELIVERY
766,SES-8765,10.3,12,7,0,2,2524.54,0,0,0,10,1,0,0,1,DELIVERY
767,SES-8766,16.8,3,0,5,0,0.0,0,0,0,4,1,1,2,1,SUPPORT
768,SES-8767,24.0,8,7,4,0,0.0,0,0,0,6,0,0,1,0,DECISION_DIFFICULTY
769,SES-8768,5.6,10,8,2,2,1561.97,1,1,0,3,0,0,5,0,DECISION_DIFFICULTY
770,SES-8769,19.9,13,1,4,2,2147.06,0,0,0,11,0,0,1,1,DELIVERY
771,SES-8770,2.3,7,5,2,2,5214.14,0,0,0,3,0,0,6,1,PRICE
772,SES-8771,21.6,14,7,4,3,4860.22,1,1,0,3,0,0,1,1,DECISION_DIFFICULTY
773,SES-8772,2.5,11,2,3,1,2449.8,1,2,1,2,1,0,1,1,PAYMENT
774,SES-8773,6.6,8,6,2,1,2242.11,1,1,0,5,0,0,3,0,PRICE
775,SES-8774,18.6,10,8,0,0,0.0,0,0,0,10,0,0,3,0,DELIVERY
776,SES-8775,2.8,5,2,3,2,1846.52,1,4,1,2,0,1,4,1,PAYMENT
777,SES-8776,3.9,9,4,5,2,1279.57,1,1,1,2,0,0,1,1,PAYMENT
778,SES-8777,15.1,12,10,1,1,2705.51,1,1,1,3,0,1,1,1,PAYMENT
779,SES-8778,15.0,5,3,3,2,2358.57,1,4,1,5,0,0,2,1,PAYMENT
780,SES-8779,12.3,14,13,3,3,6046.43,1,2,1,5,0,0,2,1,PAYMENT
781,SES-8780,14.0,14,0,2,0,0.0,0,0,0,2,0,0,8,0,PRODUCT_INFORMATION
782,SES-8781,9.6,9,0,2,0,0.0,0,0,0,4,0,0,2,0,PRODUCT_INFORMATION
783,SES-8782,4.2,11,5,3,4,8260.51,1,2,1,2,1,1,2,1,PAYMENT
784,SES-8783,5.7,12,7,4,1,422.35,1,1,0,8,1,0,3,1,DELIVERY
785,SES-8784,3.2,7,1,3,1,1403.69,0,0,0,2,0,0,2,0,PRODUCT_INFORMATION
786,SES-8785,27.3,6,1,4,1,1240.98,1,1,0,4,0,0,5,0,PRODUCT_INFORMATION
787,SES-8786,10.6,13,10,1,4,10555.01,1,3,1,4,1,1,1,1,PAYMENT
788,SES-8787,6.6,3,2,0,5,13832.3,0,0,0,4,0,0,2,1,PRICE
789,SES-8788,7.8,13,12,1,1,1091.05,1,1,0,5,0,0,4,0,DECISION_DIFFICULTY
790,SES-8789,33.4,8,0,0,0,0.0,0,0,0,6,0,0,0,0,PRODUCT_TRUST
791,SES-8790,2.8,13,2,3,0,0.0,0,0,0,1,0,0,3,0,PRODUCT_INFORMATION
792,SES-8791,10.7,7,2,2,0,0.0,0,0,0,1,0,0,3,0,PRODUCT_INFORMATION
793,SES-8792,8.8,12,7,2,5,10239.33,1,1,0,5,0,0,1,1,PRICE
794,SES-8793,11.4,9,6,3,1,1018.48,1,1,0,3,0,0,4,0,DECISION_DIFFICULTY
795,SES-8794,1.2,7,0,3,0,0.0,0,0,0,7,0,0,2,0,PRODUCT_INFORMATION
796,SES-8795,23.6,7,0,1,0,0.0,0,0,0,5,0,0,3,0,TECHNICAL
797,SES-8796,30.6,12,7,2,2,3211.9,1,1,1,13,0,1,3,1,PAYMENT
798,SES-8797,10.2,14,9,0,0,0.0,0,0,0,6,0,0,4,0,DECISION_DIFFICULTY
799,SES-8798,14.1,11,9,2,3,4113.81,0,0,0,2,1,0,3,1,SUPPORT
800,SES-8799,29.1,6,0,3,0,0.0,0,0,0,3,0,0,2,0,PRODUCT_INFORMATION
801,SES-8800,14.5,11,10,6,2,4496.17,1,0,0,1,0,0,5,0,PRICE
802,SES-8801,2.8,12,10,0,1,2528.22,1,2,1,6,0,0,3,1,PAYMENT
803,SES-8802,10.4,9,6,3,0,0.0,0,0,0,2,0,1,2,1,DECISION_DIFFICULTY
804,SES-8803,11.3,5,4,7,0,0.0,0,0,0,5,0,1,1,0,PRODUCT_TRUST
805,SES-8804,7.1,12,8,3,1,2145.44,1,1,0,5,0,0,2,0,PRICE
806,SES-8805,15.7,12,4,0,2,5145.49,0,0,0,5,0,0,3,1,DELIVERY
807,SES-8806,31.0,7,1,4,0,0.0,0,0,0,4,0,0,4,0,PRODUCT_INFORMATION
808,SES-8807,29.6,9,7,1,2,4624.7,1,1,0,1,1,1,6,1,SUPPORT
809,SES-8808,7.6,10,8,4,3,5211.64,1,0,0,3,0,0,3,0,PRICE
810,SES-8809,2.3,13,6,2,0,0.0,0,0,0,8,0,1,2,1,DELIVERY
811,SES-8810,47.1,9,4,4,3,4901.56,1,4,1,10,0,1,0,1,PAYMENT
812,SES-8811,21.1,14,7,1,2,4940.36,1,2,0,2,0,1,3,1,PAYMENT
813,SES-8812,2.5,16,14,2,2,3461.52,1,1,0,11,0,0,4,0,DELIVERY
814,SES-8813,28.9,9,5,6,1,747.72,1,1,1,5,0,0,3,1,PAYMENT
815,SES-8814,23.4,10,3,2,1,411.87,1,1,0,10,0,0,5,1,DELIVERY
816,SES-8815,9.0,12,0,5,0,0.0,0,0,0,4,0,0,2,0,PRODUCT_INFORMATION
817,SES-8816,10.8,8,5,0,2,3642.13,0,0,0,2,0,0,2,0,PRICE
818,SES-8817,6.6,15,7,7,1,904.54,1,1,0,3,0,0,4,0,DECISION_DIFFICULTY
819,SES-8818,1.6,12,2,7,2,4883.03,1,1,0,5,0,0,4,1,PRODUCT_INFORMATION
820,SES-8819,5.5,13,11,4,2,4965.25,1,1,0,7,0,0,0,0,PRICE
821,SES-8820,18.9,9,6,2,1,2330.03,1,1,0,2,0,0,1,0,DECISION_DIFFICULTY
822,SES-8821,1.1,4,0,2,0,0.0,0,0,0,4,0,0,3,0,PRODUCT_INFORMATION
823,SES-8822,5.5,6,3,3,1,1615.99,0,0,0,2,0,1,5,1,PRODUCT_INFORMATION
824,SES-8823,6.6,7,6,1,1,2085.54,1,1,0,8,1,0,1,1,DELIVERY
825,SES-8824,9.5,6,0,0,0,0.0,0,0,0,4,0,0,2,0,DELIVERY
826,SES-8825,28.8,11,0,4,0,0.0,0,0,0,9,0,0,3,0,DELIVERY
827,SES-8826,5.7,13,4,4,1,1884.23,1,1,0,2,0,0,2,1,DECISION_DIFFICULTY
828,SES-8827,5.7,10,7,4,3,4892.09,1,1,0,3,0,0,5,0,PRICE
829,SES-8828,15.7,12,2,4,0,0.0,0,0,0,5,0,0,4,0,PRODUCT_INFORMATION
830,SES-8829,7.6,11,4,5,6,8701.86,0,0,0,3,0,0,3,1,PRICE
831,SES-8830,3.8,11,0,2,0,0.0,0,0,0,7,0,0,4,0,PRODUCT_INFORMATION
832,SES-8831,7.6,13,8,5,4,7644.46,1,1,0,13,0,0,1,1,DELIVERY
833,SES-8832,2.7,12,3,2,4,4294.68,1,1,0,3,0,0,1,0,PRICE
834,SES-8833,3.1,14,4,1,3,7374.48,1,1,0,4,0,0,1,1,PRICE
835,SES-8834,8.6,10,2,4,1,2541.37,1,1,0,11,0,0,2,0,DELIVERY
836,SES-8835,7.0,15,13,3,1,1228.17,0,0,0,4,0,0,2,1,DECISION_DIFFICULTY
837,SES-8836,28.1,17,4,2,3,3780.26,0,0,0,5,0,0,3,0,PRICE
838,SES-8837,6.0,11,10,1,0,0.0,0,0,0,6,0,0,1,0,DECISION_DIFFICULTY
839,SES-8838,10.6,4,1,2,2,2028.27,1,3,1,4,0,1,2,1,PAYMENT
840,SES-8839,12.0,5,2,3,0,0.0,0,0,0,4,1,1,4,1,SUPPORT
841,SES-8840,1.1,12,1,1,2,4434.72,0,0,0,4,0,1,1,1,PRODUCT_TRUST
842,SES-8841,13.0,8,1,6,2,1665.53,0,0,0,6,0,0,1,1,PRODUCT_INFORMATION
843,SES-8842,3.2,11,5,6,3,1768.34,1,4,1,3,1,1,1,1,PAYMENT
844,SES-8843,36.7,10,9,2,2,1588.75,1,2,1,4,0,1,2,1,PAYMENT
845,SES-8844,2.8,5,2,5,2,2611.2,1,1,0,3,0,0,6,0,PRODUCT_INFORMATION
846,SES-8845,6.9,13,12,3,3,4241.95,0,0,0,6,0,0,4,0,PRICE
847,SES-8846,2.0,9,8,2,0,0.0,0,0,0,9,0,0,1,1,DELIVERY
848,SES-8847,60.0,10,0,5,0,0.0,0,0,0,3,0,0,3,0,PRODUCT_TRUST
849,SES-8848,8.7,8,2,5,2,4245.09,0,0,0,1,0,0,3,1,PRICE
850,SES-8849,11.0,13,12,6,0,0.0,0,0,0,4,0,0,3,0,DECISION_DIFFICULTY
851,SES-8850,1.8,6,0,0,0,0.0,0,0,0,4,0,0,6,0,PRODUCT_INFORMATION
852,SES-8851,16.2,8,6,0,2,1755.05,1,1,0,5,0,0,2,0,DECISION_DIFFICULTY
853,SES-8852,3.6,10,1,2,1,1071.33,0,0,0,2,0,0,0,0,PRODUCT_INFORMATION
854,SES-8853,26.1,8,2,3,2,1061.35,1,1,0,7,0,0,0,0,PRODUCT_INFORMATION
855,SES-8854,3.5,13,10,5,3,4679.69,0,0,0,5,0,0,4,0,PRICE
856,SES-8855,3.3,8,3,2,1,1372.67,1,1,0,5,1,0,1,1,SUPPORT
857,SES-8856,1.4,13,3,0,6,10252.37,1,1,0,3,0,0,2,0,PRICE
858,SES-8857,8.0,12,3,5,1,1498.91,1,1,1,4,0,0,4,1,PRICE
859,SES-8858,10.2,12,7,4,1,2165.92,1,1,0,2,0,0,4,0,PRICE
860,SES-8859,1.7,7,2,2,2,4015.21,0,0,0,6,0,0,2,0,PRICE
861,SES-8860,17.4,11,3,1,2,2857.3,1,2,1,5,0,0,1,1,PAYMENT
862,SES-8861,7.6,8,2,5,1,490.82,1,1,0,12,0,0,5,0,DELIVERY
863,SES-8862,9.2,8,1,3,1,1225.13,1,1,0,4,0,0,6,1,PRODUCT_INFORMATION
864,SES-8863,7.4,12,11,4,2,2356.07,1,1,0,5,1,0,4,0,SUPPORT
865,SES-8864,6.6,6,2,4,1,614.46,0,0,0,9,0,0,2,0,DELIVERY
866,SES-8865,10.0,8,4,3,1,1130.16,0,0,0,6,0,0,3,0,DECISION_DIFFICULTY
867,SES-8866,2.9,12,5,1,2,5539.35,0,0,0,1,0,1,3,1,PRICE
868,SES-8867,3.2,4,2,1,2,4742.01,1,1,0,5,0,1,1,1,PRODUCT_TRUST
869,SES-8868,22.8,9,4,4,0,0.0,0,0,0,5,0,0,4,0,DECISION_DIFFICULTY
870,SES-8869,33.1,12,6,2,2,4847.86,1,1,0,4,0,0,4,0,DECISION_DIFFICULTY
871,SES-8870,6.1,10,3,3,1,2476.12,0,0,0,5,0,0,4,1,PRODUCT_INFORMATION
872,SES-8871,4.5,15,4,2,1,1180.85,1,0,0,4,0,0,0,0,DECISION_DIFFICULTY
873,SES-8872,12.4,10,5,4,0,0.0,0,0,0,6,0,0,1,0,DECISION_DIFFICULTY
874,SES-8873,6.8,9,8,2,0,0.0,0,0,0,1,0,0,1,0,DECISION_DIFFICULTY
875,SES-8874,1.3,17,9,5,0,0.0,0,0,0,3,0,0,1,0,DECISION_DIFFICULTY
876,SES-8875,2.9,8,5,2,2,4627.1,1,1,0,4,0,0,0,0,PRICE
877,SES-8876,14.8,7,2,3,0,0.0,0,0,0,4,0,0,4,1,PRODUCT_INFORMATION
878,SES-8877,12.8,12,0,2,0,0.0,0,0,0,2,0,0,0,1,PRODUCT_INFORMATION
879,SES-8878,1.3,7,3,3,0,0.0,0,0,0,7,0,0,0,0,PRODUCT_INFORMATION
880,SES-8879,3.8,9,6,4,5,9513.68,1,2,0,10,0,0,3,1,PAYMENT
881,SES-8880,3.9,6,5,3,0,0.0,0,0,0,6,0,0,3,0,DECISION_DIFFICULTY
882,SES-8881,13.3,8,2,4,2,1344.24,1,1,0,10,1,1,1,1,DELIVERY
883,SES-8882,1.2,14,12,1,1,2069.8,1,2,1,6,0,0,2,1,PAYMENT
884,SES-8883,2.2,13,10,3,0,0.0,0,0,0,4,0,0,1,0,DECISION_DIFFICULTY
885,SES-8884,18.7,9,2,2,0,0.0,0,0,0,4,0,0,0,0,PRODUCT_INFORMATION
886,SES-8885,3.2,10,5,1,2,2945.24,1,2,1,2,0,0,2,1,PAYMENT
887,SES-8886,12.6,13,1,2,0,0.0,0,0,0,2,0,0,1,0,PRODUCT_INFORMATION
888,SES-8887,4.0,13,11,4,1,1924.39,0,0,0,3,0,0,1,0,DECISION_DIFFICULTY
889,SES-8888,2.2,13,6,4,1,863.03,1,4,1,4,0,1,0,1,PAYMENT
890,SES-8889,4.1,6,0,1,0,0.0,0,0,0,2,0,0,2,1,PRICE
891,SES-8890,15.1,17,1,0,4,6424.6,1,1,0,11,0,0,3,1,DELIVERY
892,SES-8891,22.3,9,8,3,2,978.92,0,0,0,3,0,0,4,1,DECISION_DIFFICULTY
893,SES-8892,20.5,13,8,5,0,0.0,0,0,0,7,0,0,0,0,DECISION_DIFFICULTY
894,SES-8893,6.6,8,6,4,3,4092.44,1,1,0,7,0,0,3,0,PRICE
895,SES-8894,13.1,12,1,1,4,9293.76,1,1,0,2,0,0,2,0,PRICE
896,SES-8895,3.5,11,4,3,0,0.0,0,0,0,6,0,0,4,0,DECISION_DIFFICULTY
897,SES-8896,4.8,10,3,6,0,0.0,0,0,0,7,0,0,0,0,PRODUCT_INFORMATION
898,SES-8897,25.9,11,1,5,1,530.58,1,1,0,8,1,1,1,1,DELIVERY
899,SES-8898,1.1,11,1,4,4,10061.82,1,4,1,11,1,0,2,1,PAYMENT
900,SES-8899,2.0,9,7,6,0,0.0,0,0,0,10,0,1,2,1,DELIVERY
901,SES-8900,3.6,7,4,2,2,4911.65,1,2,1,3,0,0,3,1,PAYMENT
902,SES-8901,1.3,8,7,4,0,0.0,0,0,0,3,0,0,1,0,DECISION_DIFFICULTY
903,SES-8902,3.2,8,1,5,1,1167.65,1,1,0,4,0,0,4,0,PRODUCT_INFORMATION
904,SES-8903,10.6,5,1,0,2,4220.99,1,1,0,4,0,0,2,0,PRICE
905,SES-8904,7.0,10,2,2,1,1525.24,0,0,0,3,0,0,5,0,PRODUCT_INFORMATION
906,SES-8905,25.6,9,7,5,0,0.0,0,0,0,2,0,0,1,0,DECISION_DIFFICULTY
907,SES-8906,19.7,9,7,1,1,2003.03,1,2,1,5,1,0,0,1,PAYMENT
908,SES-8907,5.6,11,2,3,2,4516.81,1,1,0,3,0,0,4,0,PRODUCT_INFORMATION
909,SES-8908,4.3,5,0,2,0,0.0,0,0,0,9,1,1,2,1,DELIVERY
910,SES-8909,6.3,12,6,4,2,3021.73,1,1,0,3,0,0,6,0,PRICE
911,SES-8910,10.8,15,3,10,2,2044.68,1,1,0,3,0,1,6,1,PRODUCT_INFORMATION
912,SES-8911,4.4,11,2,0,2,4689.9,1,2,1,3,0,1,1,1,PAYMENT
913,SES-8912,11.8,11,4,2,4,4927.82,0,0,0,3,0,0,3,1,PRICE
914,SES-8913,6.8,11,5,6,2,3742.19,0,0,0,5,0,0,4,0,PRICE
915,SES-8914,9.8,13,0,4,0,0.0,0,0,0,12,0,0,1,1,DELIVERY
916,SES-8915,7.3,5,3,2,3,6530.0,0,0,0,4,0,0,1,1,PRICE
917,SES-8916,4.8,17,15,2,2,5373.98,1,2,1,5,0,0,3,1,PAYMENT
918,SES-8917,33.6,5,0,3,0,0.0,0,0,0,7,0,0,2,1,PRODUCT_INFORMATION
919,SES-8918,16.9,9,5,5,2,3432.12,1,4,1,3,0,0,1,1,PAYMENT
920,SES-8919,2.7,7,2,1,2,5117.55,0,0,0,3,0,0,3,1,PRICE
921,SES-8920,23.3,10,0,3,0,0.0,0,0,0,4,0,0,0,1,PRICE
922,SES-8921,8.4,13,12,3,2,5418.94,1,3,1,3,1,1,3,1,PAYMENT
923,SES-8922,25.7,11,8,1,0,0.0,0,0,0,8,0,1,1,1,DELIVERY
924,SES-8923,18.7,8,1,2,2,3055.97,1,2,1,12,1,0,3,1,PAYMENT
925,SES-8924,7.1,11,9,4,3,4480.63,0,0,0,5,0,0,5,0,PRICE
926,SES-8925,1.2,10,5,1,1,1535.44,1,1,0,5,0,0,1,0,DECISION_DIFFICULTY
927,SES-8926,4.4,14,5,2,2,5183.0,1,0,0,6,0,0,3,1,PRICE
928,SES-8927,9.6,16,11,1,4,3572.94,0,0,0,4,0,0,2,0,PRICE
929,SES-8928,12.0,7,2,2,3,7643.26,1,1,1,5,1,0,0,1,PAYMENT
930,SES-8929,4.3,10,5,2,3,5312.11,1,2,0,2,0,0,2,0,PAYMENT
931,SES-8930,2.7,9,1,3,2,3376.84,1,0,0,4,0,1,2,1,PRODUCT_INFORMATION
932,SES-8931,20.8,13,7,1,4,5598.4,1,1,0,3,0,0,1,0,DECISION_DIFFICULTY
933,SES-8932,46.8,11,0,3,0,0.0,0,0,0,2,0,0,2,0,PRODUCT_INFORMATION
934,SES-8933,9.2,6,5,0,1,2327.9,1,3,1,5,0,0,2,1,PAYMENT
935,SES-8934,3.1,6,5,2,3,4744.09,0,0,0,4,0,0,3,0,PRICE
936,SES-8935,4.5,11,0,3,0,0.0,0,0,0,5,0,0,5,0,PRODUCT_INFORMATION
937,SES-8936,1.2,12,8,2,1,1399.93,1,1,0,4,0,0,2,1,DECISION_DIFFICULTY
938,SES-8937,28.0,6,4,2,1,838.95,0,0,0,3,0,0,1,0,DECISION_DIFFICULTY
939,SES-8938,2.4,17,12,3,4,5580.76,1,2,1,4,0,1,6,1,PAYMENT
940,SES-8939,10.5,6,0,3,0,0.0,0,0,0,4,0,0,5,0,PRODUCT_INFORMATION
941,SES-8940,4.5,8,5,3,0,0.0,0,0,0,10,0,0,1,0,DELIVERY
942,SES-8941,9.9,11,5,1,3,6755.7,1,1,0,4,0,0,1,0,PRICE
943,SES-8942,12.6,8,0,2,0,0.0,0,0,0,1,0,1,4,0,PRODUCT_INFORMATION
944,SES-8943,20.5,12,4,1,2,3579.91,0,0,0,6,0,0,3,1,PRICE
945,SES-8944,3.5,8,0,0,0,0.0,0,0,0,11,0,0,3,0,DELIVERY
946,SES-8945,1.1,9,4,2,3,6272.38,1,3,1,2,0,0,3,1,PAYMENT
947,SES-8946,2.6,14,13,5,1,1447.49,1,1,0,12,0,0,1,0,DELIVERY
948,SES-8947,26.3,3,1,5,2,4471.22,1,1,0,5,0,0,2,0,PRODUCT_INFORMATION
949,SES-8948,23.8,13,3,2,3,1292.13,1,1,0,7,0,0,3,0,PRODUCT_INFORMATION
950,SES-8949,11.0,7,1,5,1,1216.37,1,1,0,4,0,0,2,0,PRODUCT_INFORMATION
951,SES-8950,11.1,3,1,1,0,0.0,0,0,0,5,0,0,2,0,DELIVERY
952,SES-8951,13.0,10,0,5,0,0.0,0,0,0,7,0,0,2,0,PRODUCT_INFORMATION
953,SES-8952,3.1,12,9,4,4,5389.74,0,0,0,13,1,0,2,1,DELIVERY
954,SES-8953,28.0,9,2,2,1,2297.76,0,0,0,3,0,0,2,1,PRICE
955,SES-8954,7.0,7,0,8,0,0.0,0,0,0,9,0,0,3,1,DELIVERY
956,SES-8955,6.3,10,5,1,1,1148.54,1,1,0,5,0,0,2,0,DECISION_DIFFICULTY
957,SES-8956,9.0,10,6,2,1,2258.72,1,2,0,10,1,0,2,1,PAYMENT
958,SES-8957,1.5,10,8,3,2,5393.68,0,0,0,3,0,0,1,1,PRICE
959,SES-8958,3.0,9,6,3,0,0.0,0,0,0,3,0,0,2,0,DECISION_DIFFICULTY
960,SES-8959,15.7,13,3,3,4,3255.16,1,2,1,4,0,1,4,1,PAYMENT
961,SES-8960,2.0,7,5,3,1,2404.05,1,1,0,8,0,0,2,0,DELIVERY
962,SES-8961,11.2,15,3,3,2,3083.72,1,1,0,4,0,1,2,1,PRODUCT_INFORMATION
963,SES-8962,4.1,8,7,3,3,6837.64,0,0,0,11,0,0,2,1,DELIVERY
964,SES-8963,6.4,8,3,2,1,974.45,1,4,1,3,1,1,2,1,PAYMENT
965,SES-8964,4.7,10,0,3,0,0.0,0,0,0,3,0,0,1,0,PRODUCT_INFORMATION
966,SES-8965,5.8,15,8,7,2,5127.86,1,1,0,5,0,0,3,0,PRICE
967,SES-8966,15.0,3,2,4,3,7757.76,1,2,0,3,0,0,6,0,PAYMENT
968,SES-8967,4.9,8,5,2,4,4337.69,0,0,0,2,0,0,1,0,PRICE
969,SES-8968,10.2,7,0,4,0,0.0,0,0,0,4,0,0,1,0,PRODUCT_INFORMATION
970,SES-8969,8.1,11,8,3,3,7888.91,1,3,1,3,0,0,3,1,PAYMENT
971,SES-8970,13.0,15,10,3,0,0.0,0,0,0,4,0,0,2,1,DECISION_DIFFICULTY
972,SES-8971,31.4,11,10,1,0,0.0,0,0,0,3,0,0,1,0,DECISION_DIFFICULTY
973,SES-8972,15.5,4,1,2,4,4941.89,0,0,0,11,1,1,2,1,DELIVERY
974,SES-8973,3.7,9,4,0,3,3230.39,1,3,1,7,1,1,5,1,PAYMENT
975,SES-8974,1.3,5,3,1,3,1780.01,0,0,0,7,0,0,3,0,PRICE
976,SES-8975,4.3,14,13,3,3,8282.92,1,0,0,3,0,0,1,1,PRICE
977,SES-8976,10.9,8,0,6,0,0.0,0,0,0,8,0,0,2,0,DELIVERY
978,SES-8977,1.6,12,2,2,3,3161.13,0,0,0,5,0,0,6,0,PRICE
979,SES-8978,8.5,14,5,4,1,1407.83,0,0,0,2,0,0,2,0,DECISION_DIFFICULTY
980,SES-8979,11.0,13,10,2,0,0.0,0,0,0,2,0,0,4,0,DECISION_DIFFICULTY
981,SES-8980,5.5,16,11,5,0,0.0,0,0,0,4,0,1,3,1,DECISION_DIFFICULTY
982,SES-8981,17.2,8,2,2,3,7727.74,1,1,0,4,0,0,3,1,PRICE
983,SES-8982,2.2,9,6,6,2,1089.13,1,3,1,7,0,0,4,1,PAYMENT
984,SES-8983,1.9,10,4,1,0,0.0,0,0,0,8,0,0,0,1,DELIVERY
985,SES-8984,15.3,11,7,3,2,3996.42,0,0,0,8,0,0,4,0,DELIVERY
986,SES-8985,8.5,14,9,4,1,2074.03,0,0,0,4,0,0,1,1,PRICE
987,SES-8986,13.8,9,5,2,1,778.84,1,1,0,5,0,0,5,0,DECISION_DIFFICULTY
988,SES-8987,7.3,11,5,4,3,3569.7,1,1,0,4,0,0,0,0,PRICE
989,SES-8988,4.1,5,4,0,1,525.33,1,2,1,8,0,1,5,1,PAYMENT
990,SES-8989,19.8,6,3,1,1,1967.39,1,2,1,8,1,0,0,1,PAYMENT
991,SES-8990,18.7,12,1,5,0,0.0,0,0,0,2,0,0,3,0,PRODUCT_INFORMATION
992,SES-8991,14.1,9,6,3,0,0.0,0,0,0,5,0,0,1,0,DECISION_DIFFICULTY
993,SES-8992,4.5,10,8,5,1,2206.55,1,2,1,4,1,0,4,1,PAYMENT
994,SES-8993,10.8,11,0,5,0,0.0,0,0,0,6,0,0,1,0,PRODUCT_INFORMATION
995,SES-8994,5.9,6,4,2,1,571.59,0,0,0,3,0,0,3,1,DECISION_DIFFICULTY
996,SES-8995,2.1,14,11,2,1,547.94,1,0,0,6,0,0,1,0,DECISION_DIFFICULTY
997,SES-8996,28.4,7,0,3,0,0.0,0,0,0,6,0,0,2,1,PRODUCT_INFORMATION
998,SES-8997,2.6,8,6,3,4,4116.63,1,2,1,1,1,0,6,1,PAYMENT
999,SES-8998,34.0,10,4,2,3,3807.92,1,1,0,4,0,0,2,0,PRICE
1000,SES-8999,7.5,4,0,2,0,0.0,0,0,0,12,0,1,0,1,DELIVERY
1001,SES-9000,3.3,17,15,1,4,8309.26,1,0,0,3,0,0,1,0,PRICE
1002,SES-9001,9.6,6,4,0,3,3979.91,1,1,0,8,0,1,3,1,PRICE
1003,SES-9002,23.7,14,0,2,0,0.0,0,0,0,5,0,0,1,0,PRODUCT_INFORMATION
1004,SES-9003,15.5,5,1,0,2,4037.43,0,0,0,3,0,0,2,1,PRICE
1005,SES-9004,19.1,12,10,6,1,1895.35,0,0,0,7,0,0,3,0,DECISION_DIFFICULTY
1006,SES-9005,12.8,13,9,2,1,2258.43,1,3,1,14,0,0,1,1,PAYMENT
1007,SES-9006,14.0,7,0,3,0,0.0,1,3,1,6,1,1,3,1,PAYMENT
1008,SES-9007,21.8,13,11,3,2,2911.49,1,4,1,2,0,0,1,1,PAYMENT
1009,SES-9008,4.2,11,2,6,0,0.0,1,1,0,2,0,0,1,0,PRODUCT_INFORMATION
1010,SES-9009,8.4,9,8,0,3,2807.18,1,2,0,4,0,0,1,1,PAYMENT
1011,SES-9010,3.8,10,5,2,2,4192.34,1,0,0,1,0,0,5,0,PRICE
1012,SES-9011,49.4,10,9,2,2,2054.19,0,0,0,5,0,1,0,0,PRODUCT_TRUST
1013,SES-9012,32.7,10,5,0,3,4371.27,1,2,1,1,0,0,3,1,PAYMENT
1014,SES-9013,1.4,14,6,3,2,1317.95,0,0,0,12,0,0,2,1,DELIVERY
1015,SES-9014,14.5,8,1,3,1,693.42,1,1,0,8,1,0,4,0,DELIVERY
1016,SES-9015,29.5,10,7,3,2,1999.75,1,4,1,7,0,0,1,1,PAYMENT
1017,SES-9016,3.2,14,10,2,2,1207.2,1,1,1,7,1,0,1,1,PAYMENT
1018,SES-9017,10.2,12,2,4,4,4235.78,1,2,1,7,1,0,2,1,PAYMENT
1019,SES-9018,28.2,6,5,3,0,0.0,0,0,0,4,0,0,2,0,DECISION_DIFFICULTY
1020,SES-9019,1.4,7,5,1,5,10937.23,1,1,0,7,0,0,2,0,PRICE
1021,SES-9020,14.1,10,2,2,1,478.49,1,1,0,4,0,0,3,0,PRODUCT_INFORMATION
1022,SES-9021,4.9,10,5,3,3,5524.44,1,1,0,7,0,0,1,1,PRICE
1023,SES-9022,29.4,7,2,4,1,1271.65,0,0,0,5,0,0,1,0,PRODUCT_INFORMATION
1024,SES-9023,40.0,8,4,1,0,0.0,1,1,0,4,0,1,3,1,DECISION_DIFFICULTY
1025,SES-9024,32.8,10,7,3,3,1429.38,1,1,1,6,1,1,3,1,PAYMENT
1026,SES-9025,8.1,13,12,4,1,1182.25,1,1,0,3,0,0,1,0,DECISION_DIFFICULTY
1027,SES-9026,22.8,10,6,1,0,0.0,0,0,0,11,1,0,1,1,DELIVERY
1028,SES-9027,21.5,3,1,5,2,3344.11,1,1,1,5,1,1,1,1,PAYMENT
1029,SES-9028,5.2,7,6,3,2,4523.09,1,0,0,4,0,0,3,0,PRICE
1030,SES-9029,20.4,9,6,3,2,2779.31,0,0,0,5,0,0,3,0,DECISION_DIFFICULTY
1031,SES-9030,1.4,9,2,2,1,2423.81,1,1,1,6,1,0,0,1,PAYMENT
1032,SES-9031,11.0,15,9,2,1,760.85,1,1,0,7,1,0,1,0,SUPPORT
1033,SES-9032,3.9,9,2,3,3,7104.24,1,4,1,12,1,1,4,1,PAYMENT
1034,SES-9033,2.4,10,4,1,0,0.0,0,0,0,3,0,0,3,0,DECISION_DIFFICULTY
1035,SES-9034,1.9,9,4,4,4,8761.64,1,1,0,4,0,1,0,0,PRODUCT_TRUST
1036,SES-9035,14.1,15,8,4,4,3908.05,1,0,0,2,0,0,1,0,PRODUCT_INFORMATION
1037,SES-9036,5.6,6,4,0,2,3133.55,1,1,1,2,0,0,2,1,PAYMENT
1038,SES-9037,15.2,9,8,3,1,2158.7,0,0,0,2,0,0,1,0,DECISION_DIFFICULTY
1039,SES-9038,1.7,8,1,5,1,1561.01,1,1,0,3,0,0,2,0,PRODUCT_INFORMATION
1040,SES-9039,5.2,14,4,6,1,1499.45,1,1,0,6,0,0,1,0,DECISION_DIFFICULTY
1041,SES-9040,9.5,10,4,4,3,7036.76,1,1,0,8,1,0,4,0,TECHNICAL
1042,SES-9041,18.2,12,5,1,2,1579.28,1,3,1,4,1,0,3,1,PAYMENT
1043,SES-9042,5.2,5,4,1,1,1540.24,1,1,0,5,0,0,2,0,DECISION_DIFFICULTY
1044,SES-9043,11.8,13,12,1,2,4747.4,0,0,0,3,0,0,1,0,PRICE
1045,SES-9044,24.9,14,7,4,0,0.0,0,0,0,7,0,0,3,0,DECISION_DIFFICULTY
1046,SES-9045,11.5,10,5,1,0,0.0,0,0,0,8,0,1,2,1,DELIVERY
1047,SES-9046,3.9,8,5,3,2,4880.73,1,1,0,4,0,0,4,1,PRICE
1048,SES-9047,1.3,14,10,1,3,1287.5,1,2,0,2,0,0,4,0,PAYMENT
1049,SES-9048,23.5,12,11,5,3,7360.02,1,1,0,1,0,0,3,0,DECISION_DIFFICULTY
1050,SES-9049,1.2,6,5,4,1,1035.44,1,1,0,4,0,0,2,0,DECISION_DIFFICULTY
1051,SES-9050,23.8,8,7,7,0,0.0,0,0,0,4,0,0,2,0,DECISION_DIFFICULTY
1052,SES-9051,9.3,13,5,2,2,846.22,1,1,0,10,0,0,3,0,DELIVERY
1053,SES-9052,31.8,11,8,4,1,2155.58,1,1,0,1,0,0,4,0,DECISION_DIFFICULTY
1054,SES-9053,18.6,9,0,4,0,0.0,0,0,0,2,0,0,5,0,PRODUCT_INFORMATION
1055,SES-9054,60.0,11,3,1,2,4859.84,1,2,1,3,0,0,5,1,DECISION_DIFFICULTY
1056,SES-9055,5.8,10,9,2,0,0.0,0,0,0,5,0,0,2,0,DECISION_DIFFICULTY
1057,SES-9056,17.0,5,4,4,2,4806.35,0,0,0,3,0,0,1,1,PRICE
1058,SES-9057,6.7,9,1,2,3,5603.99,0,0,0,3,0,0,9,0,PRICE
1059,SES-9058,8.2,7,0,2,0,0.0,0,0,0,4,0,0,4,0,PRODUCT_INFORMATION
1060,SES-9059,11.9,11,2,2,0,0.0,0,0,0,1,0,0,0,0,DELIVERY
1061,SES-9060,23.8,10,9,3,0,0.0,0,0,0,12,0,0,2,0,DELIVERY
1062,SES-9061,46.5,12,10,1,1,1785.4,0,0,0,8,0,0,5,0,DELIVERY
1063,SES-9062,17.1,13,1,1,2,4994.54,0,0,0,3,0,0,5,0,PRICE
1064,SES-9063,6.9,10,7,1,1,2509.3,0,0,0,3,0,0,5,0,PRICE
1065,SES-9064,7.0,9,3,3,2,2646.6,1,2,0,3,0,0,6,0,PAYMENT
1066,SES-9065,15.7,14,10,2,4,4718.98,1,2,0,10,0,1,0,1,PAYMENT
1067,SES-9066,4.0,11,1,5,1,1969.52,0,0,0,5,0,1,2,0,PRODUCT_INFORMATION
1068,SES-9067,2.3,13,3,4,4,9073.55,1,1,0,4,0,0,2,0,PRODUCT_INFORMATION
1069,SES-9068,5.8,7,6,6,1,485.13,0,0,0,4,0,0,1,0,DECISION_DIFFICULTY
1070,SES-9069,4.7,10,6,2,3,1872.71,0,0,0,2,0,0,2,0,DECISION_DIFFICULTY
1071,SES-9070,4.9,7,0,4,0,0.0,0,0,0,11,0,1,4,1,DELIVERY
1072,SES-9071,3.9,8,4,5,2,2896.64,1,3,1,9,1,1,3,1,PAYMENT
1073,SES-9072,1.5,9,0,4,0,0.0,0,0,0,11,1,0,4,0,DELIVERY
1074,SES-9073,1.2,9,2,6,1,2368.87,1,3,1,3,1,0,1,1,PAYMENT
1075,SES-9074,49.4,6,1,5,1,2216.33,0,0,0,4,0,0,2,0,PRODUCT_INFORMATION
1076,SES-9075,7.1,8,2,3,1,2343.32,1,1,0,4,0,0,1,0,PRODUCT_INFORMATION
1077,SES-9076,6.3,8,7,4,4,6533.25,1,1,0,4,0,0,3,0,PRICE
1078,SES-9077,13.5,16,3,3,4,3114.62,1,3,1,1,1,0,3,0,PAYMENT
1079,SES-9078,3.7,5,1,3,2,3072.84,1,2,0,7,0,0,3,0,PAYMENT
1080,SES-9079,33.9,7,6,2,1,2711.89,1,1,0,6,0,0,2,1,DECISION_DIFFICULTY
1081,SES-9080,18.0,17,4,3,0,0.0,0,0,0,4,0,0,3,0,DECISION_DIFFICULTY
1082,SES-9081,2.0,8,6,3,1,1406.25,1,1,0,3,0,0,5,0,DECISION_DIFFICULTY
1083,SES-9082,6.9,18,15,3,5,11185.22,1,1,0,5,0,0,3,0,PRICE
1084,SES-9083,24.2,5,4,4,2,1164.67,1,3,1,2,0,1,2,1,PAYMENT
1085,SES-9084,32.9,8,1,4,2,4433.83,0,0,0,14,0,1,1,1,DELIVERY
1086,SES-9085,7.9,8,7,2,2,2116.22,0,0,0,2,1,0,4,0,SUPPORT
1087,SES-9086,11.5,11,8,2,4,4166.34,1,1,0,2,0,0,2,0,PRICE
1088,SES-9087,3.0,10,6,3,3,5393.45,1,1,0,5,0,0,1,0,PRICE
1089,SES-9088,53.0,6,5,2,2,2025.38,0,0,0,4,1,0,4,0,SUPPORT
1090,SES-9089,3.9,9,6,2,1,1938.77,1,2,1,6,0,1,5,1,PAYMENT
1091,SES-9090,32.5,7,6,0,1,2581.24,1,1,0,2,0,0,2,0,DECISION_DIFFICULTY
1092,SES-9091,12.5,8,2,4,1,1371.12,1,0,0,4,0,1,2,0,TECHNICAL
1093,SES-9092,11.3,5,2,1,3,7993.58,1,2,0,4,0,0,3,1,PAYMENT
1094,SES-9093,8.9,8,0,3,0,0.0,0,0,0,4,0,0,4,0,PRODUCT_INFORMATION
1095,SES-9094,3.9,12,0,2,0,0.0,0,0,0,5,0,0,2,0,PRODUCT_INFORMATION
1096,SES-9095,3.1,5,4,3,2,2872.58,1,0,0,2,0,0,2,0,PRICE
1097,SES-9096,3.7,12,6,3,1,2776.27,1,2,1,4,1,1,10,1,PRODUCT_INFORMATION
1098,SES-9097,3.3,7,0,1,0,0.0,0,0,0,5,0,0,3,0,PRODUCT_INFORMATION
1099,SES-9098,17.6,13,9,5,1,1540.85,1,1,0,8,0,0,5,0,PRODUCT_INFORMATION
1100,SES-9099,5.7,14,12,3,1,1436.51,1,2,1,5,1,1,4,1,PAYMENT
1101,SES-9100,1.7,5,3,4,2,4687.97,1,1,1,5,1,1,3,1,PAYMENT
1102,SES-9101,39.2,12,6,4,0,0.0,0,0,0,7,0,0,5,0,DECISION_DIFFICULTY
1103,SES-9102,24.7,9,5,2,0,0.0,0,0,0,2,0,0,4,0,DECISION_DIFFICULTY
1104,SES-9103,29.9,5,4,3,4,3285.31,1,1,0,5,0,0,2,0,PRICE
1105,SES-9104,59.1,12,10,1,3,2399.73,1,3,1,7,1,0,3,1,PAYMENT
1106,SES-9105,3.1,11,6,1,3,3056.07,1,2,0,2,0,0,3,0,PAYMENT
1107,SES-9106,6.6,10,8,1,1,1667.73,1,1,0,7,0,0,0,1,DECISION_DIFFICULTY
1108,SES-9107,16.6,3,1,4,1,2096.54,1,3,1,6,1,0,3,1,PAYMENT
1109,SES-9108,14.1,14,5,3,2,2625.48,1,1,0,1,0,0,3,0,PRICE
1110,SES-9109,2.8,8,1,5,0,0.0,0,0,0,3,0,0,2,0,PRODUCT_INFORMATION
1111,SES-9110,19.6,11,6,2,1,2301.74,0,0,0,2,0,0,3,0,DECISION_DIFFICULTY
1112,SES-9111,3.8,13,8,7,0,0.0,0,0,0,4,0,0,1,1,PAYMENT
1113,SES-9112,3.8,13,6,6,3,5446.4,1,1,0,9,0,0,2,0,DELIVERY
1114,SES-9113,9.5,9,5,6,0,0.0,0,0,0,5,0,0,1,0,DECISION_DIFFICULTY
1115,SES-9114,10.9,9,2,3,2,4590.67,1,2,0,5,0,0,5,1,PAYMENT
1116,SES-9115,10.5,13,0,3,0,0.0,0,0,0,2,0,1,4,0,PRODUCT_INFORMATION
1117,SES-9116,2.1,7,1,3,1,2755.0,1,1,0,5,0,0,6,0,PRODUCT_INFORMATION
1118,SES-9117,24.1,6,0,2,0,0.0,0,0,0,8,0,0,3,1,DELIVERY
1119,SES-9118,4.4,7,6,5,1,1360.62,1,1,0,4,0,1,4,0,DECISION_DIFFICULTY
1120,SES-9119,2.5,7,6,2,3,4188.66,0,0,0,5,0,0,5,0,PRICE
1121,SES-9120,25.2,14,2,4,3,7312.76,0,0,0,3,0,0,2,1,PRICE
1122,SES-9121,35.3,11,9,0,0,0.0,0,0,0,3,0,0,3,0,DECISION_DIFFICULTY
1123,SES-9122,22.8,16,15,2,2,3239.18,1,2,1,3,0,0,2,1,PAYMENT
1124,SES-9123,19.2,8,0,8,0,0.0,0,0,0,3,0,0,0,0,PRODUCT_INFORMATION
1125,SES-9124,12.7,11,2,3,0,0.0,0,0,0,4,0,0,2,0,PRODUCT_INFORMATION
1126,SES-9125,9.8,6,2,2,2,2979.29,1,1,0,5,0,0,3,1,PRICE
1127,SES-9126,2.0,8,4,2,3,1467.26,0,0,0,6,0,0,1,1,DECISION_DIFFICULTY
1128,SES-9127,6.8,11,6,1,1,719.63,1,4,0,3,0,0,4,0,PAYMENT
1129,SES-9128,6.1,7,1,3,1,1500.78,1,1,0,2,1,0,3,0,SUPPORT
1130,SES-9129,4.3,14,9,2,3,1528.78,0,0,0,4,0,0,3,0,DECISION_DIFFICULTY
1131,SES-9130,15.1,11,6,2,3,3410.49,1,1,0,6,0,0,6,0,DECISION_DIFFICULTY
1132,SES-9131,8.5,13,6,3,1,1449.39,1,1,0,4,0,0,3,0,DECISION_DIFFICULTY
1133,SES-9132,1.9,11,0,5,0,0.0,0,0,0,9,0,0,3,0,DELIVERY
1134,SES-9133,3.7,8,4,1,3,1670.34,1,3,1,3,1,0,3,1,PAYMENT
1135,SES-9134,13.6,10,9,3,2,878.15,1,1,0,6,0,0,2,0,DECISION_DIFFICULTY
1136,SES-9135,1.9,11,10,4,1,1564.77,1,1,0,4,0,0,4,1,DECISION_DIFFICULTY
1137,SES-9136,22.0,6,1,4,2,1504.81,1,1,0,2,0,1,1,1,PRODUCT_TRUST
1138,SES-9137,8.5,10,4,5,2,4105.26,1,1,0,3,0,0,2,0,PRICE
1139,SES-9138,8.2,7,5,5,3,4749.17,1,0,0,8,1,0,2,1,DELIVERY
1140,SES-9139,10.9,11,3,0,1,445.45,1,1,0,1,0,0,3,0,PAYMENT
1141,SES-9140,20.2,4,1,4,1,541.68,1,2,1,6,0,1,4,1,PAYMENT
1142,SES-9141,5.7,10,2,3,2,5205.36,1,1,0,7,1,1,6,1,DECISION_DIFFICULTY
1143,SES-9142,13.5,13,9,2,4,2793.61,1,1,0,2,0,0,3,1,DECISION_DIFFICULTY
1144,SES-9143,10.2,9,7,3,3,6652.73,1,1,0,11,0,0,4,1,DELIVERY
1145,SES-9144,4.4,10,6,4,1,991.05,1,1,0,8,0,0,5,0,DELIVERY
1146,SES-9145,24.2,9,8,5,2,2343.52,0,0,0,3,0,0,2,1,DECISION_DIFFICULTY
1147,SES-9146,18.6,14,2,5,2,919.0,1,1,0,3,0,0,3,0,PRODUCT_INFORMATION
1148,SES-9147,12.8,10,9,2,1,1734.76,0,0,0,7,0,0,2,1,DECISION_DIFFICULTY
1149,SES-9148,21.9,10,0,4,0,0.0,0,0,0,5,0,0,6,0,PRODUCT_TRUST
1150,SES-9149,23.2,9,8,1,5,10939.45,1,4,1,10,1,1,2,1,PAYMENT
1151,SES-9150,14.6,9,8,6,2,5147.31,1,3,1,12,0,1,2,1,PAYMENT
1152,SES-9151,21.0,15,11,5,1,1714.5,1,4,1,4,0,0,2,1,PAYMENT
1153,SES-9152,14.2,10,0,4,0,0.0,0,0,0,2,0,0,4,0,PRODUCT_INFORMATION
1154,SES-9153,13.5,6,5,1,3,2266.66,1,0,0,6,0,0,4,0,TECHNICAL
1155,SES-9154,11.6,7,5,2,2,2454.3,0,0,0,10,0,0,2,1,DELIVERY
1156,SES-9155,16.4,9,0,3,0,0.0,0,0,0,2,0,0,3,1,PRODUCT_INFORMATION
1157,SES-9156,2.9,13,5,5,1,1727.95,0,0,0,13,0,0,2,1,DELIVERY
1158,SES-9157,24.4,8,0,1,0,0.0,0,0,0,3,0,0,2,0,TECHNICAL
1159,SES-9158,23.6,14,2,0,0,0.0,0,0,0,2,0,0,1,0,TECHNICAL
1160,SES-9159,1.3,6,5,2,0,0.0,0,0,0,4,0,0,2,0,DECISION_DIFFICULTY
1161,SES-9160,20.2,8,7,2,1,592.82,1,1,0,7,0,0,4,0,DECISION_DIFFICULTY
1162,SES-9161,2.5,8,2,4,3,1844.51,1,3,1,4,0,1,1,1,PAYMENT
1163,SES-9162,5.5,10,4,1,3,2564.1,1,0,0,3,1,0,5,0,SUPPORT
1164,SES-9163,16.0,8,2,1,1,626.26,1,1,0,3,0,0,1,0,TECHNICAL
1165,SES-9164,2.9,9,6,3,3,1967.55,0,0,0,13,0,1,0,1,DELIVERY
1166,SES-9165,19.7,12,10,5,2,3857.07,1,1,0,4,0,0,3,0,DECISION_DIFFICULTY
1167,SES-9166,20.6,11,9,2,2,1368.07,0,0,0,5,0,0,1,1,DECISION_DIFFICULTY
1168,SES-9167,8.8,10,3,1,0,0.0,1,4,1,2,0,0,2,1,PAYMENT
1169,SES-9168,1.1,12,3,3,1,551.51,1,1,0,4,0,0,1,1,PRODUCT_INFORMATION
1170,SES-9169,4.7,11,6,3,1,1046.58,1,2,1,7,1,1,1,1,PAYMENT
1171,SES-9170,11.6,11,4,1,1,2618.44,1,1,0,12,1,0,1,1,DELIVERY
1172,SES-9171,44.7,6,0,3,0,0.0,0,0,0,3,0,0,5,0,PAYMENT
1173,SES-9172,12.0,13,10,1,1,2504.71,1,1,0,2,0,0,0,0,DECISION_DIFFICULTY
1174,SES-9173,4.3,6,1,4,0,0.0,0,0,0,13,1,1,2,1,DELIVERY
1175,SES-9174,12.1,15,12,2,2,5220.4,1,2,1,5,1,0,3,1,PAYMENT
1176,SES-9175,9.5,14,11,1,0,0.0,0,0,0,4,0,0,0,0,DECISION_DIFFICULTY
1177,SES-9176,17.6,5,4,3,2,4765.66,1,1,0,11,0,0,3,1,DELIVERY
1178,SES-9177,2.2,7,6,3,2,1317.07,1,1,0,4,0,1,2,0,DECISION_DIFFICULTY
1179,SES-9178,16.7,5,1,5,1,2405.31,1,1,0,3,0,0,1,0,PRODUCT_INFORMATION
1180,SES-9179,9.6,9,5,3,2,3090.18,1,1,0,7,0,0,2,0,PRICE
1181,SES-9180,37.3,16,12,2,1,1243.79,1,2,0,3,0,0,4,0,PAYMENT
1182,SES-9181,5.6,10,8,2,0,0.0,0,0,0,3,0,0,0,0,DECISION_DIFFICULTY
1183,SES-9182,12.0,9,6,2,0,0.0,0,0,0,4,0,0,2,0,DECISION_DIFFICULTY
1184,SES-9183,30.6,5,3,1,2,3884.62,1,2,1,6,1,1,1,1,PAYMENT
1185,SES-9184,2.2,6,3,1,3,6427.36,1,1,1,7,0,0,1,0,PAYMENT
1186,SES-9185,31.5,11,1,4,2,2662.83,0,0,0,3,0,0,0,0,PRODUCT_INFORMATION
1187,SES-9186,13.8,16,3,6,1,794.19,1,1,0,4,0,0,3,0,PRODUCT_INFORMATION
1188,SES-9187,1.8,10,4,2,1,746.96,1,3,1,4,0,1,4,1,PAYMENT
1189,SES-9188,4.9,10,1,2,2,1607.54,1,2,0,1,0,0,2,0,PAYMENT
1190,SES-9189,14.5,15,0,3,0,0.0,0,0,0,6,0,0,2,0,PRODUCT_INFORMATION
1191,SES-9190,1.8,8,7,2,3,3789.47,1,1,0,5,0,0,0,0,PRICE
1192,SES-9191,10.6,10,3,4,5,9393.94,1,0,0,2,0,0,4,0,PRICE
1193,SES-9192,5.7,8,2,2,2,2946.11,0,0,0,2,0,0,4,0,PRICE
1194,SES-9193,11.7,11,5,1,3,2103.46,1,1,0,9,0,0,1,1,DELIVERY
1195,SES-9194,1.5,11,0,1,0,0.0,0,0,0,5,0,0,2,0,PAYMENT
1196,SES-9195,23.6,5,0,3,0,0.0,0,0,0,4,0,0,1,1,PRODUCT_INFORMATION
1197,SES-9196,40.9,9,8,2,0,0.0,0,0,0,3,0,0,3,0,DECISION_DIFFICULTY
1198,SES-9197,39.2,10,4,4,1,989.64,0,0,0,3,0,0,3,1,DECISION_DIFFICULTY
1199,SES-9198,16.2,11,1,3,3,5483.93,0,0,0,5,0,0,2,0,PRICE
1200,SES-9199,2.5,9,1,4,0,0.0,0,0,0,3,1,0,6,0,SUPPORT
1201,SES-9200,16.6,11,3,3,0,0.0,0,0,0,13,0,0,3,1,DELIVERY
1202,SES-9201,1.3,7,2,2,1,1775.59,0,0,0,5,0,1,1,0,SUPPORT
1203,SES-9202,1.2,9,1,3,3,4938.91,1,1,0,2,0,0,2,0,PRODUCT_INFORMATION
1204,SES-9203,5.3,11,3,2,1,921.01,1,1,1,2,0,0,4,0,PAYMENT
1205,SES-9204,8.4,11,10,2,0,0.0,0,0,0,5,0,1,3,0,DECISION_DIFFICULTY
1206,SES-9205,17.2,14,12,4,5,12765.25,1,1,0,4,0,0,4,0,DECISION_DIFFICULTY
1207,SES-9206,13.6,8,5,1,2,1401.27,1,2,0,5,0,1,2,0,PAYMENT
1208,SES-9207,7.5,12,6,2,1,2088.94,1,2,1,6,0,0,3,0,PAYMENT
1209,SES-9208,4.5,7,5,4,2,1345.82,1,1,0,4,0,0,3,0,DECISION_DIFFICULTY
1210,SES-9209,60.0,6,3,2,6,7269.42,0,0,0,3,0,0,2,0,PRICE
1211,SES-9210,7.1,9,2,0,1,2041.19,1,4,1,5,0,0,2,1,PAYMENT
1212,SES-9211,7.6,10,3,3,4,6978.22,0,0,0,4,0,0,2,1,PRICE
1213,SES-9212,3.0,5,3,3,0,0.0,0,0,0,9,1,1,3,0,DELIVERY
1214,SES-9213,18.4,10,4,1,3,8136.18,1,1,1,6,1,0,3,1,PRICE
1215,SES-9214,14.0,10,3,7,1,2727.06,1,1,0,5,0,0,1,0,PRODUCT_INFORMATION
1216,SES-9215,3.7,7,2,6,4,10382.74,1,2,1,1,1,1,1,1,PAYMENT
1217,SES-9216,1.9,7,0,6,0,0.0,0,0,0,14,0,0,2,1,DELIVERY
1218,SES-9217,13.6,23,18,4,1,1218.5,1,2,1,5,0,0,2,1,PAYMENT
1219,SES-9218,12.7,10,4,6,2,2142.04,1,1,0,3,0,0,2,0,PRICE
1220,SES-9219,4.5,5,4,5,2,3563.31,0,0,0,5,0,0,2,1,PRICE
1221,SES-9220,34.1,7,5,3,0,0.0,0,0,0,7,0,0,1,0,DECISION_DIFFICULTY
1222,SES-9221,2.8,6,5,1,3,8360.58,1,1,0,4,0,0,8,0,PRICE
1223,SES-9222,7.2,17,15,5,1,1685.38,0,0,0,6,1,0,0,1,SUPPORT
1224,SES-9223,32.6,9,3,4,2,2379.12,0,0,0,4,0,1,3,1,PRODUCT_INFORMATION
1225,SES-9224,7.0,12,0,1,0,0.0,0,0,0,5,0,0,2,1,DECISION_DIFFICULTY
1226,SES-9225,12.2,13,9,4,2,1009.84,1,0,0,4,0,0,4,0,TECHNICAL
1227,SES-9226,6.6,12,6,1,2,1331.78,1,1,0,4,1,0,1,0,SUPPORT
1228,SES-9227,4.5,11,8,3,1,1992.79,1,3,0,2,0,0,5,0,PAYMENT
1229,SES-9228,46.5,5,4,5,2,1392.04,1,1,0,5,1,0,4,0,SUPPORT
1230,SES-9229,6.8,8,5,2,1,2212.99,1,3,1,12,1,1,1,1,PAYMENT
1231,SES-9230,25.7,11,5,7,3,1645.74,1,1,1,6,0,0,3,0,PAYMENT
1232,SES-9231,3.9,11,8,5,2,3650.67,1,3,1,3,1,1,6,1,PAYMENT
1233,SES-9232,3.6,14,3,2,1,2028.36,0,0,0,8,0,0,2,0,DELIVERY
1234,SES-9233,1.3,10,4,2,1,2271.03,1,1,0,9,0,1,1,1,DELIVERY
1235,SES-9234,12.6,11,4,6,1,2525.68,1,1,0,3,0,0,1,0,PRICE
1236,SES-9235,6.1,9,4,1,4,4597.47,0,0,0,2,0,0,1,0,PRICE
1237,SES-9236,23.0,11,7,1,1,2125.99,0,0,0,5,0,0,2,0,DECISION_DIFFICULTY
1238,SES-9237,8.1,11,10,2,2,1187.5,1,1,0,4,1,0,1,1,SUPPORT
1239,SES-9238,38.9,13,0,2,0,0.0,0,0,0,6,1,1,4,0,SUPPORT
1240,SES-9239,3.3,13,9,2,2,5073.1,1,3,1,3,1,0,4,1,PAYMENT
1241,SES-9240,23.3,15,10,1,2,4393.56,1,1,0,4,1,0,4,0,SUPPORT
1242,SES-9241,17.5,12,9,2,0,0.0,0,0,0,3,1,0,2,1,SUPPORT
1243,SES-9242,17.2,15,10,2,2,1099.25,0,0,0,3,0,0,3,1,DECISION_DIFFICULTY
1244,SES-9243,21.5,15,2,2,3,4235.56,1,1,0,1,0,0,3,1,PRICE
1245,SES-9244,16.7,10,7,8,4,4198.1,0,0,0,4,0,0,1,0,PRICE
1246,SES-9245,11.8,7,6,2,1,1672.46,1,2,0,4,0,0,1,1,PAYMENT
1247,SES-9246,2.5,12,10,4,2,2690.53,1,1,0,4,0,0,0,0,PRICE
1248,SES-9247,1.4,8,0,3,0,0.0,0,0,0,5,1,1,4,0,SUPPORT
1249,SES-9248,28.9,10,1,6,2,4816.08,1,0,0,4,0,0,1,0,PRICE
1250,SES-9249,11.5,10,3,2,0,0.0,0,0,0,4,0,0,2,0,PRODUCT_INFORMATION
1251,SES-9250,18.5,14,13,1,3,7054.65,1,1,0,1,0,0,2,1,DECISION_DIFFICULTY
1252,SES-9251,8.2,11,7,2,4,3619.43,1,2,1,2,1,0,1,1,SUPPORT
1253,SES-9252,2.4,11,4,3,1,1428.38,1,2,1,2,1,0,4,1,PAYMENT
1254,SES-9253,2.5,6,0,5,0,0.0,0,0,0,3,0,0,3,0,PRODUCT_INFORMATION
1255,SES-9254,13.7,13,5,3,6,11978.94,1,1,1,4,0,0,2,1,PAYMENT
1256,SES-9255,7.2,12,8,5,1,2331.95,1,0,0,8,0,0,0,1,DELIVERY
1257,SES-9256,3.5,15,8,1,2,3591.37,0,0,0,4,0,0,2,0,PRICE
1258,SES-9257,8.4,10,0,4,0,0.0,0,0,0,5,0,0,3,0,PRODUCT_INFORMATION
1259,SES-9258,1.7,8,3,2,0,0.0,0,0,0,1,0,1,1,1,PRODUCT_TRUST
1260,SES-9259,10.6,12,0,3,0,0.0,0,0,0,8,1,0,1,0,DELIVERY
1261,SES-9260,4.4,9,6,3,3,2983.13,1,1,0,2,1,0,0,0,SUPPORT
1262,SES-9261,18.6,18,1,2,0,0.0,0,0,0,3,0,0,0,0,PRODUCT_INFORMATION
1263,SES-9262,5.1,8,5,3,3,5034.04,1,1,0,7,0,0,3,0,PRICE
1264,SES-9263,7.7,8,7,3,2,5484.93,1,0,0,3,0,1,1,1,PRODUCT_TRUST
1265,SES-9264,1.1,11,8,3,1,2471.23,1,1,0,3,0,1,1,0,PRODUCT_TRUST
1266,SES-9265,1.8,8,6,8,4,3971.63,1,2,1,5,1,0,3,1,PAYMENT
1267,SES-9266,6.5,5,1,6,0,0.0,0,0,0,9,0,0,2,0,DELIVERY
1268,SES-9267,8.2,8,4,1,3,4336.67,0,0,0,3,0,0,3,0,PRICE
1269,SES-9268,11.1,9,5,3,1,2739.15,0,0,0,5,0,0,4,0,PRICE
1270,SES-9269,4.8,13,8,3,2,1531.78,1,2,0,5,0,0,2,1,PAYMENT
1271,SES-9270,14.1,11,4,2,2,5393.33,1,1,0,5,0,0,2,1,PRICE
1272,SES-9271,22.6,7,4,2,1,857.01,0,0,0,10,0,1,4,1,DELIVERY
1273,SES-9272,17.6,15,1,2,3,7582.34,1,2,0,2,0,0,2,1,PAYMENT
1274,SES-9273,1.4,11,5,8,1,2392.69,1,1,0,5,0,0,3,0,PRICE
1275,SES-9274,8.2,16,13,3,1,2517.57,0,0,0,3,0,1,0,1,PRODUCT_TRUST
1276,SES-9275,2.2,9,5,2,3,7620.7,1,1,0,3,0,0,3,1,PRICE
1277,SES-9276,4.0,8,5,5,3,2770.58,1,1,0,4,0,0,2,0,PRICE
1278,SES-9277,48.5,11,3,3,2,4537.77,1,3,1,7,0,0,3,1,PAYMENT
1279,SES-9278,2.7,10,6,3,2,4073.94,1,0,0,2,1,0,2,0,SUPPORT
1280,SES-9279,8.6,13,8,3,1,2509.41,1,4,1,6,0,0,2,1,PAYMENT
1281,SES-9280,11.6,11,0,1,0,0.0,0,0,0,9,0,1,1,1,DELIVERY
1282,SES-9281,14.3,8,2,2,3,4176.86,1,2,0,2,0,0,2,0,PAYMENT
1283,SES-9282,10.0,6,1,2,2,4285.87,1,2,1,7,1,1,0,1,PAYMENT
1284,SES-9283,1.1,10,8,6,3,3142.87,0,0,0,2,0,0,4,0,PRICE
1285,SES-9284,5.3,8,5,3,3,7104.4,0,0,0,11,0,0,0,0,DELIVERY
1286,SES-9285,9.0,9,4,1,2,2172.7,0,0,0,7,0,0,1,0,PRICE
1287,SES-9286,2.0,8,5,2,2,1007.42,1,1,0,6,0,0,3,0,DECISION_DIFFICULTY
1288,SES-9287,5.7,10,7,2,1,1723.55,1,1,0,5,0,0,5,0,DECISION_DIFFICULTY
1289,SES-9288,1.4,7,0,2,0,0.0,1,3,1,10,1,1,2,1,PAYMENT
1290,SES-9289,1.9,9,7,2,1,2057.13,1,4,1,2,0,0,2,1,PAYMENT
1291,SES-9290,6.6,9,2,6,0,0.0,0,0,0,2,1,0,1,0,SUPPORT
1292,SES-9291,2.6,17,0,3,0,0.0,0,0,0,7,0,0,5,0,PRODUCT_INFORMATION
1293,SES-9292,10.2,11,10,3,0,0.0,0,0,0,4,0,0,0,0,DECISION_DIFFICULTY
1294,SES-9293,13.9,6,4,5,4,5247.45,0,0,0,7,0,1,1,1,PRODUCT_TRUST
1295,SES-9294,18.7,9,4,2,3,1618.68,1,3,0,4,0,1,4,1,PAYMENT
1296,SES-9295,3.5,5,1,2,2,1006.42,1,1,1,4,1,0,4,1,PAYMENT
1297,SES-9296,3.0,9,0,1,0,0.0,0,0,0,3,0,0,2,1,TECHNICAL
1298,SES-9297,2.2,11,3,4,0,0.0,0,0,0,11,0,0,4,0,DELIVERY
1299,SES-9298,12.1,9,2,2,1,2427.43,1,2,1,4,0,0,4,1,PAYMENT
1300,SES-9299,14.5,11,3,2,0,0.0,0,0,0,6,0,0,2,1,PAYMENT
1301,SES-9300,1.4,9,0,2,0,0.0,0,0,0,6,0,1,5,0,PRODUCT_INFORMATION
1302,SES-9301,31.3,6,1,1,3,3100.92,1,1,0,3,0,0,0,1,PRICE
1303,SES-9302,1.6,11,0,5,0,0.0,0,0,0,9,0,0,1,1,DELIVERY
1304,SES-9303,9.6,15,2,5,1,820.91,0,0,0,5,0,1,2,1,PRODUCT_INFORMATION
1305,SES-9304,14.6,5,3,1,2,2658.51,1,2,0,8,0,0,4,0,PAYMENT
1306,SES-9305,23.5,20,16,0,4,5156.39,1,1,0,7,0,0,1,0,DECISION_DIFFICULTY
1307,SES-9306,14.8,15,5,1,0,0.0,0,0,0,2,0,0,3,0,DECISION_DIFFICULTY
1308,SES-9307,18.8,8,1,0,1,2793.11,0,0,0,5,1,0,6,1,SUPPORT
1309,SES-9308,5.6,9,4,1,3,4421.14,0,0,0,6,0,0,4,0,PRICE
1310,SES-9309,19.6,12,7,2,0,0.0,0,0,0,9,0,0,2,1,DELIVERY
1311,SES-9310,1.9,7,3,3,1,1376.96,0,0,0,4,0,0,1,0,PRODUCT_INFORMATION
1312,SES-9311,25.8,6,4,2,1,1070.59,1,3,1,6,1,1,4,1,PAYMENT
1313,SES-9312,9.7,9,3,3,1,1245.02,1,1,0,11,0,0,3,0,DELIVERY
1314,SES-9313,19.7,7,4,3,4,2808.4,0,0,0,7,0,0,3,1,PRICE
1315,SES-9314,7.6,5,0,2,0,0.0,0,0,0,8,1,1,4,1,DELIVERY
1316,SES-9315,12.3,11,1,3,2,3159.8,1,2,0,4,0,0,2,1,PAYMENT
1317,SES-9316,9.2,8,3,4,2,3147.88,1,1,0,2,0,0,2,0,PRODUCT_INFORMATION
1318,SES-9317,15.5,14,11,4,1,776.71,0,0,0,11,1,0,1,1,DELIVERY
1319,SES-9318,1.9,12,1,1,1,2398.43,1,1,0,6,0,0,4,0,PRICE
1320,SES-9319,1.7,12,5,3,3,2581.0,0,0,0,3,0,0,5,0,PRICE
1321,SES-9320,4.1,10,5,5,1,2248.45,1,1,1,12,1,0,7,1,PAYMENT
1322,SES-9321,2.9,6,2,9,1,856.65,1,1,0,6,0,0,4,1,PRODUCT_INFORMATION
1323,SES-9322,23.6,12,11,3,2,2150.06,1,1,0,2,0,0,6,0,DECISION_DIFFICULTY
1324,SES-9323,3.7,7,0,4,0,0.0,0,0,0,3,0,0,3,0,PRODUCT_INFORMATION
1325,SES-9324,42.0,13,12,4,0,0.0,0,0,0,8,0,0,2,0,DELIVERY
1326,SES-9325,5.5,11,0,4,0,0.0,0,0,0,11,0,1,4,1,DELIVERY
1327,SES-9326,3.2,10,2,1,2,2064.61,1,2,1,4,0,0,7,0,PAYMENT
1328,SES-9327,18.2,8,7,2,4,6255.66,1,1,0,4,0,0,2,0,DECISION_DIFFICULTY
1329,SES-9328,12.8,13,7,1,2,4328.84,1,2,1,4,1,0,3,1,PAYMENT
1330,SES-9329,8.6,5,3,5,2,2331.84,1,3,1,7,0,1,1,1,PAYMENT
1331,SES-9330,9.9,13,7,3,1,428.08,1,3,1,4,0,1,2,1,PAYMENT
1332,SES-9331,15.0,9,7,1,2,4456.11,1,1,0,4,0,0,1,1,DECISION_DIFFICULTY
1333,SES-9332,3.9,10,0,3,0,0.0,0,0,0,5,0,0,5,0,PRODUCT_INFORMATION
1334,SES-9333,60.0,12,2,3,3,7486.91,0,0,0,4,1,0,4,1,SUPPORT
1335,SES-9334,41.5,10,0,4,0,0.0,0,0,0,4,0,0,1,0,PRODUCT_INFORMATION
1336,SES-9335,12.6,12,1,4,1,1898.58,1,2,1,4,1,0,1,1,PAYMENT
1337,SES-9336,3.4,8,3,2,3,8046.91,1,1,0,4,0,0,2,0,PRICE
1338,SES-9337,13.5,11,2,0,4,9951.62,1,3,1,1,0,1,1,1,PAYMENT
1339,SES-9338,1.8,17,14,5,1,2302.33,0,0,0,10,1,1,7,1,DELIVERY
1340,SES-9339,1.3,13,10,2,2,3347.51,0,0,0,1,0,1,5,1,PRICE
1341,SES-9340,4.3,13,5,0,2,1612.59,1,1,0,6,0,0,1,0,DECISION_DIFFICULTY
1342,SES-9341,7.8,6,3,3,1,2418.51,1,1,1,3,1,1,4,1,TECHNICAL
1343,SES-9342,23.3,9,4,0,2,1250.95,1,1,0,2,0,0,2,0,DECISION_DIFFICULTY
1344,SES-9343,15.3,9,4,2,0,0.0,0,0,0,5,0,0,1,1,DECISION_DIFFICULTY
1345,SES-9344,15.9,10,9,4,1,2239.02,1,1,0,6,0,0,6,0,DECISION_DIFFICULTY
1346,SES-9345,7.1,11,6,2,1,2328.29,1,1,0,5,0,0,2,0,PRICE
1347,SES-9346,5.7,10,6,7,1,1305.27,1,1,0,5,0,1,4,0,DECISION_DIFFICULTY
1348,SES-9347,6.1,7,0,0,0,0.0,0,0,0,4,0,0,3,0,PRODUCT_INFORMATION
1349,SES-9348,49.3,4,3,1,0,0.0,0,0,0,5,0,0,4,0,TECHNICAL
1350,SES-9349,1.5,7,2,2,3,8242.08,1,1,0,8,0,0,1,1,DELIVERY
1351,SES-9350,23.2,8,1,1,3,7380.54,1,1,0,2,0,0,3,1,PRICE
1352,SES-9351,10.5,15,0,1,0,0.0,0,0,0,2,0,0,3,0,SUPPORT
1353,SES-9352,7.4,5,1,3,1,1917.54,1,4,1,7,0,0,0,1,PAYMENT
1354,SES-9353,15.2,10,5,2,3,2037.13,0,0,0,3,0,1,3,0,PRICE
1355,SES-9354,8.3,6,4,3,2,4943.73,1,1,0,6,0,0,3,0,PRICE
1356,SES-9355,23.7,13,12,1,3,2798.68,1,1,0,4,0,0,2,0,DECISION_DIFFICULTY
1357,SES-9356,26.4,10,3,3,2,2069.58,1,1,0,10,0,0,2,0,DELIVERY
1358,SES-9357,7.0,10,2,2,2,4428.12,1,1,0,3,0,0,4,0,PRICE
1359,SES-9358,4.6,8,2,3,2,4241.15,1,1,0,4,0,0,3,0,PRODUCT_INFORMATION
1360,SES-9359,10.9,9,1,2,0,0.0,0,0,0,2,0,0,2,1,PRODUCT_INFORMATION
1361,SES-9360,27.8,9,1,7,4,4018.81,0,0,0,5,0,0,1,0,PRICE
1362,SES-9361,3.6,8,2,4,4,9449.78,0,0,0,4,0,0,1,0,PRICE
1363,SES-9362,11.7,12,3,7,3,8037.0,1,1,0,10,1,1,3,1,DELIVERY
1364,SES-9363,12.0,10,0,2,0,0.0,0,0,0,1,0,0,4,0,PRODUCT_INFORMATION
1365,SES-9364,15.5,6,5,1,1,2225.56,1,1,0,4,0,0,1,0,PRICE
1366,SES-9365,2.6,11,9,4,2,3227.05,1,1,0,1,0,0,7,0,PRICE
1367,SES-9366,14.8,7,2,2,2,2624.29,1,1,0,3,0,0,3,0,PRICE
1368,SES-9367,27.4,7,4,5,1,2555.48,1,1,1,4,1,1,3,1,PAYMENT
1369,SES-9368,3.2,10,9,2,4,6862.75,1,1,0,3,0,0,2,0,PRICE
1370,SES-9369,4.0,7,0,2,0,0.0,0,0,0,3,0,0,6,0,PRODUCT_INFORMATION
1371,SES-9370,40.1,7,1,1,2,3643.74,0,0,0,3,0,0,5,0,PRICE
1372,SES-9371,3.2,15,8,1,2,3889.19,1,1,0,3,0,0,2,0,PRICE
1373,SES-9372,22.2,9,8,5,0,0.0,1,1,0,3,0,0,2,1,DECISION_DIFFICULTY
1374,SES-9373,8.5,7,1,2,1,1680.26,0,0,0,8,1,1,1,1,DELIVERY
1375,SES-9374,4.1,11,8,3,1,2445.21,1,1,0,1,0,0,4,0,PRICE
1376,SES-9375,23.5,9,3,2,4,4505.52,1,1,0,13,1,0,1,1,DELIVERY
1377,SES-9376,7.5,11,4,4,1,2167.31,1,1,0,3,0,0,3,0,PRICE
1378,SES-9377,9.0,16,7,3,5,5222.9,1,1,0,1,0,0,0,0,PRICE
1379,SES-9378,5.9,11,7,5,1,569.75,1,1,0,3,0,0,2,0,DECISION_DIFFICULTY
1380,SES-9379,10.9,3,0,2,0,0.0,0,0,0,10,0,0,3,0,TECHNICAL
1381,SES-9380,3.0,6,1,2,1,1385.59,0,0,0,14,1,0,0,1,DELIVERY
1382,SES-9381,6.5,10,0,4,0,0.0,0,0,0,3,0,0,6,1,PRODUCT_INFORMATION
1383,SES-9382,39.4,14,9,3,3,6656.79,1,2,1,3,0,1,1,1,PAYMENT
1384,SES-9383,4.3,11,5,2,1,2312.82,1,1,0,7,0,0,4,1,PRICE
1385,SES-9384,12.8,17,6,3,1,943.17,1,1,0,9,1,1,2,1,DELIVERY
1386,SES-9385,5.3,5,1,2,1,1973.62,1,1,0,5,0,0,0,0,PRODUCT_INFORMATION
1387,SES-9386,17.3,5,1,7,2,4449.17,1,1,0,10,1,0,1,1,DELIVERY
1388,SES-9387,2.5,10,4,2,2,1374.98,0,0,0,11,0,0,2,1,DELIVERY
1389,SES-9388,39.5,18,8,5,2,1478.26,1,1,0,6,0,0,1,1,DECISION_DIFFICULTY
1390,SES-9389,7.7,6,4,2,1,1273.36,1,2,0,4,0,0,2,1,PAYMENT
1391,SES-9390,4.0,8,7,2,3,3372.02,1,2,1,2,1,1,2,1,PAYMENT
1392,SES-9391,1.8,14,7,5,1,2313.36,0,0,0,4,0,0,4,0,PRICE
1393,SES-9392,3.0,14,4,3,2,3884.95,0,0,0,3,0,0,3,0,PRICE
1394,SES-9393,9.1,14,7,5,2,3190.27,0,0,0,2,1,1,2,1,SUPPORT
1395,SES-9394,5.5,8,6,2,1,655.37,1,1,0,4,0,1,2,1,DECISION_DIFFICULTY
1396,SES-9395,20.4,14,7,3,3,2010.48,1,1,0,4,1,0,3,0,SUPPORT
1397,SES-9396,7.2,11,4,0,2,3281.67,1,1,0,5,0,0,5,0,PRICE
1398,SES-9397,4.1,12,4,3,0,0.0,0,0,0,3,0,0,1,0,DECISION_DIFFICULTY
1399,SES-9398,11.6,13,3,3,1,2260.18,1,1,0,8,0,0,3,0,DELIVERY
1400,SES-9399,14.5,13,0,4,0,0.0,0,0,0,3,0,0,3,0,PRODUCT_INFORMATION
1401,SES-9400,3.0,7,0,2,0,0.0,0,0,0,14,1,1,4,1,DELIVERY
1402,SES-9401,3.0,12,1,2,2,1862.61,1,1,0,5,0,0,1,0,PRODUCT_INFORMATION
1403,SES-9402,1.4,9,0,3,0,0.0,0,0,0,2,0,0,3,1,PRODUCT_INFORMATION
1404,SES-9403,15.7,6,5,7,2,5313.32,0,0,0,7,0,0,3,0,PRICE
1405,SES-9404,13.0,17,10,3,2,3081.09,1,2,1,3,1,1,2,1,PAYMENT
1406,SES-9405,8.1,12,0,0,0,0.0,0,0,0,3,0,0,4,0,TECHNICAL
1407,SES-9406,21.4,4,2,4,2,4318.31,1,1,1,2,0,0,1,0,PAYMENT
1408,SES-9407,19.0,13,6,3,2,4794.4,1,1,0,5,0,0,1,0,TECHNICAL
1409,SES-9408,10.7,8,2,5,0,0.0,0,0,0,8,0,1,2,1,DELIVERY
1410,SES-9409,23.3,14,7,6,2,4061.32,1,1,0,9,0,0,1,1,DELIVERY
1411,SES-9410,3.5,10,5,3,4,8537.88,1,1,0,6,0,0,4,1,PRICE
1412,SES-9411,2.3,4,3,3,1,1726.28,1,1,0,5,1,0,4,1,SUPPORT
1413,SES-9412,4.5,9,2,3,0,0.0,0,0,0,4,1,0,3,0,SUPPORT
1414,SES-9413,1.6,7,0,4,0,0.0,0,0,0,4,0,0,4,0,PRODUCT_INFORMATION
1415,SES-9414,9.3,8,4,1,2,850.58,1,2,1,1,1,1,1,1,PAYMENT
1416,SES-9415,31.3,9,1,4,4,5967.95,0,0,0,7,0,1,3,0,PRICE
1417,SES-9416,1.4,7,1,4,3,6628.07,0,0,0,14,1,1,1,1,DELIVERY
1418,SES-9417,2.4,9,4,5,0,0.0,0,0,0,10,0,0,4,0,DELIVERY
1419,SES-9418,7.6,9,3,2,1,1522.83,0,0,0,10,0,0,2,1,DELIVERY
1420,SES-9419,30.9,16,1,2,1,2421.17,1,3,1,3,0,0,3,1,PAYMENT
1421,SES-9420,5.2,13,10,2,1,2020.11,1,3,1,2,0,1,6,0,PAYMENT
1422,SES-9421,8.8,13,8,4,5,8580.3,1,2,0,8,0,0,1,1,PAYMENT
1423,SES-9422,1.5,11,6,1,1,1054.93,1,2,0,6,1,0,5,0,PAYMENT
1424,SES-9423,2.8,8,7,4,4,5126.5,1,0,0,4,0,0,1,0,PRICE
1425,SES-9424,48.5,6,1,0,2,5547.46,1,2,1,7,0,1,5,1,PAYMENT
1426,SES-9425,37.9,10,4,7,2,5149.38,1,1,0,2,0,0,2,0,PRICE
1427,SES-9426,1.1,7,2,2,3,6208.66,1,1,0,5,0,0,2,1,PRICE
1428,SES-9427,34.4,9,8,6,3,7384.13,1,1,1,11,1,1,6,1,PAYMENT
1429,SES-9428,12.2,7,0,0,0,0.0,0,0,0,9,0,0,0,1,DELIVERY
1430,SES-9429,23.3,11,5,2,4,4168.73,0,0,0,6,0,0,2,0,PRICE
1431,SES-9430,7.7,15,12,5,4,10097.5,0,0,0,3,0,0,1,0,PRICE
1432,SES-9431,9.0,12,3,3,4,6120.28,1,1,0,2,0,0,3,1,PRODUCT_INFORMATION
1433,SES-9432,8.4,11,7,2,2,3636.52,1,1,0,3,1,0,1,1,SUPPORT
1434,SES-9433,13.1,9,4,3,3,7562.39,1,1,0,5,0,0,1,0,PRICE
1435,SES-9434,2.7,4,2,2,1,1369.62,1,2,0,3,0,0,3,0,PAYMENT
1436,SES-9435,1.3,14,12,4,1,1556.34,1,1,0,4,0,0,1,0,DECISION_DIFFICULTY
1437,SES-9436,5.0,13,10,2,2,1338.45,1,1,0,4,0,0,3,0,DECISION_DIFFICULTY
1438,SES-9437,14.4,8,5,3,1,2779.39,1,0,0,3,0,0,4,0,TECHNICAL
1439,SES-9438,3.5,14,7,2,2,5472.2,1,1,0,10,0,0,2,1,DELIVERY
1440,SES-9439,13.3,7,5,2,1,1111.69,1,1,0,3,0,0,2,0,DECISION_DIFFICULTY
1441,SES-9440,39.5,13,11,6,2,4891.89,1,1,0,14,0,1,2,0,DELIVERY
1442,SES-9441,2.1,8,5,4,1,2168.96,0,0,0,3,0,0,2,1,PRICE
1443,SES-9442,13.3,13,4,1,2,1503.62,0,0,0,8,0,0,4,0,DELIVERY
1444,SES-9443,7.5,7,0,5,0,0.0,0,0,0,6,0,0,3,0,PRODUCT_INFORMATION
1445,SES-9444,23.3,7,2,2,1,433.78,0,0,0,5,0,0,2,0,PRODUCT_INFORMATION
1446,SES-9445,3.1,14,6,1,2,1115.47,1,1,0,4,1,0,3,0,SUPPORT
1447,SES-9446,14.0,10,2,1,1,1905.74,1,2,1,7,1,1,3,1,PAYMENT
1448,SES-9447,21.0,12,0,1,0,0.0,0,0,0,4,0,0,1,1,TECHNICAL
1449,SES-9448,32.8,9,7,0,0,0.0,0,0,0,2,0,0,5,0,DECISION_DIFFICULTY
1450,SES-9449,13.6,12,6,3,5,5438.45,1,3,1,3,1,0,3,1,PAYMENT
1451,SES-9450,8.6,9,4,4,2,4283.36,1,1,0,3,0,0,4,0,PRICE
1452,SES-9451,11.6,14,11,4,3,3987.13,0,0,0,5,0,0,0,1,PRICE
1453,SES-9452,23.4,12,9,8,2,1271.94,0,0,0,5,0,0,5,0,DECISION_DIFFICULTY
1454,SES-9453,10.3,10,4,2,0,0.0,0,0,0,3,0,0,2,1,DECISION_DIFFICULTY
1455,SES-9454,1.3,15,5,1,2,2720.01,1,2,0,1,0,0,0,1,PAYMENT
1456,SES-9455,30.4,10,6,4,0,0.0,0,0,0,5,0,0,5,1,DECISION_DIFFICULTY
1457,SES-9456,13.9,7,4,3,1,2648.63,1,1,0,2,0,1,1,0,PRODUCT_TRUST
1458,SES-9457,13.4,17,2,5,0,0.0,0,0,0,11,0,0,3,1,DELIVERY
1459,SES-9458,3.7,8,2,2,1,466.43,0,0,0,8,1,0,2,0,DELIVERY
1460,SES-9459,12.8,5,3,4,2,5436.93,1,1,1,7,1,1,1,1,PAYMENT
1461,SES-9460,6.5,10,3,1,0,0.0,0,0,0,4,0,1,4,0,TECHNICAL
1462,SES-9461,12.6,14,0,6,0,0.0,0,0,0,6,0,0,4,0,PRODUCT_INFORMATION
1463,SES-9462,2.2,11,6,4,4,7422.82,0,0,0,1,0,0,1,0,PRICE
1464,SES-9463,12.8,9,1,5,3,3917.71,1,1,0,2,0,0,0,0,PRODUCT_INFORMATION
1465,SES-9464,60.0,11,6,3,2,4262.31,1,1,1,4,0,1,3,0,PAYMENT
1466,SES-9465,1.5,9,5,2,1,1616.47,1,0,0,5,0,0,0,0,DECISION_DIFFICULTY
1467,SES-9466,42.6,11,3,2,4,9227.02,1,1,0,6,0,0,4,0,PRICE
1468,SES-9467,6.7,10,1,1,5,8165.29,0,0,0,3,0,0,6,1,PRICE
1469,SES-9468,23.5,11,6,4,3,3856.15,0,0,0,5,0,0,4,0,PRICE
1470,SES-9469,17.8,8,7,3,0,0.0,0,0,0,2,1,1,2,1,SUPPORT
1471,SES-9470,10.2,7,6,2,1,1249.86,1,1,0,4,0,0,1,0,DECISION_DIFFICULTY
1472,SES-9471,15.8,6,4,2,0,0.0,0,0,0,5,0,0,1,0,DECISION_DIFFICULTY
1473,SES-9472,24.2,11,8,1,4,2657.19,1,1,0,13,0,1,2,1,DELIVERY
1474,SES-9473,6.7,18,2,1,3,5964.28,0,0,0,6,0,0,5,0,PRICE
1475,SES-9474,5.4,11,8,1,1,1219.3,1,1,0,14,0,1,4,0,DELIVERY
1476,SES-9475,13.1,8,4,5,2,3495.4,1,3,1,4,1,1,1,1,PAYMENT
1477,SES-9476,19.1,14,1,1,1,1663.64,1,1,0,4,0,0,3,0,TECHNICAL
1478,SES-9477,16.8,13,8,3,2,4914.21,0,0,0,7,1,0,1,0,SUPPORT
1479,SES-9478,18.6,9,0,1,0,0.0,0,0,0,4,0,0,4,0,TECHNICAL
1480,SES-9479,7.3,11,0,2,0,0.0,0,0,0,6,1,0,2,1,SUPPORT
1481,SES-9480,19.7,10,6,1,1,979.78,0,0,0,14,1,0,0,0,DELIVERY
1482,SES-9481,2.4,5,2,2,2,965.4,0,0,0,6,0,0,1,1,PRODUCT_INFORMATION
1483,SES-9482,9.6,8,7,4,3,4259.32,1,1,0,1,0,0,2,0,PRICE
1484,SES-9483,1.1,13,6,2,3,7655.78,1,1,0,3,0,0,4,0,PRICE
1485,SES-9484,5.3,14,10,2,4,7362.41,1,1,0,3,0,1,2,1,PRICE
1486,SES-9485,6.0,13,12,2,0,0.0,0,0,0,7,1,0,1,0,SUPPORT
1487,SES-9486,6.5,13,6,0,1,2253.1,1,1,1,10,1,1,5,1,PAYMENT
1488,SES-9487,14.1,10,0,3,0,0.0,0,0,0,5,0,0,3,0,PRODUCT_INFORMATION
1489,SES-9488,6.4,19,0,1,0,0.0,0,0,0,2,0,1,4,1,PRODUCT_TRUST
1490,SES-9489,7.6,14,11,5,1,1635.0,0,0,0,4,0,0,5,0,DECISION_DIFFICULTY
1491,SES-9490,4.0,13,1,2,2,3346.31,1,3,0,8,1,1,2,1,PAYMENT
1492,SES-9491,6.1,5,1,3,2,3467.95,1,1,0,4,0,0,2,0,PRODUCT_INFORMATION
1493,SES-9492,3.8,11,10,2,3,5178.9,1,1,0,2,0,0,3,0,PRICE
1494,SES-9493,1.8,8,4,0,2,1790.32,0,0,0,6,1,0,2,0,SUPPORT
1495,SES-9494,11.2,10,8,3,4,3959.54,1,1,0,5,0,0,1,0,PRICE
1496,SES-9495,13.1,10,6,3,0,0.0,0,0,0,4,0,0,2,0,DECISION_DIFFICULTY
1497,SES-9496,11.6,11,1,3,0,0.0,0,0,0,7,0,0,0,1,PRODUCT_INFORMATION
1498,SES-9497,7.8,13,4,3,1,1509.74,0,0,0,7,0,0,2,1,DECISION_DIFFICULTY
1499,SES-9498,6.3,6,4,4,3,7869.5,0,0,0,6,0,0,0,1,PRICE
1500,SES-9499,22.9,10,7,0,4,9216.49,1,3,1,10,1,1,3,1,PAYMENT
1501,SES-9500,9.1,14,8,4,1,2467.61,1,1,0,4,0,0,3,0,PRICE
1502,SES-9501,8.2,10,7,6,3,2165.87,0,0,0,6,0,0,5,0,PRICE
1503,SES-9502,1.3,12,1,3,0,0.0,1,1,0,7,0,0,0,0,PRODUCT_INFORMATION
1504,SES-9503,5.6,12,3,2,3,2903.71,0,0,0,5,0,0,5,0,PRODUCT_INFORMATION
1505,SES-9504,6.3,4,1,1,1,1990.29,0,0,0,5,1,0,2,1,SUPPORT
1506,SES-9505,6.6,13,5,3,2,3086.18,1,0,0,6,0,0,4,0,PRICE
1507,SES-9506,10.5,10,3,7,2,1615.1,0,0,0,4,0,1,1,0,PRODUCT_TRUST
1508,SES-9507,9.4,6,4,4,4,8759.51,0,0,0,4,0,0,3,0,PRICE
1509,SES-9508,11.3,8,1,2,0,0.0,0,0,0,12,1,1,2,1,DELIVERY
1510,SES-9509,16.9,11,8,3,0,0.0,0,0,0,2,0,0,1,0,DECISION_DIFFICULTY
1511,SES-9510,19.4,14,13,1,1,2582.73,0,0,0,7,0,0,1,1,DECISION_DIFFICULTY
1512,SES-9511,14.9,7,4,3,1,2595.39,0,0,0,6,0,0,2,0,PRICE
1513,SES-9512,35.2,15,0,4,0,0.0,0,0,0,2,0,0,2,0,PRODUCT_INFORMATION
1514,SES-9513,1.2,14,11,3,0,0.0,0,0,0,6,0,0,1,0,DECISION_DIFFICULTY
1515,SES-9514,3.4,7,6,2,1,1441.18,1,3,1,2,0,0,8,1,PAYMENT
1516,SES-9515,1.1,11,10,3,1,601.31,1,1,0,3,0,0,2,0,DECISION_DIFFICULTY
1517,SES-9516,12.5,3,2,2,1,505.53,0,0,0,11,0,0,8,0,DELIVERY
1518,SES-9517,26.1,9,3,5,2,5494.95,1,1,0,4,0,0,2,0,PRODUCT_INFORMATION
1519,SES-9518,4.1,10,2,5,2,5464.76,1,2,1,2,0,1,4,1,PAYMENT
1520,SES-9519,29.8,9,5,3,2,2488.55,1,2,0,4,1,0,1,1,PAYMENT
1521,SES-9520,1.7,8,7,2,4,9477.03,0,0,0,3,1,0,3,1,SUPPORT
1522,SES-9521,31.0,9,5,5,1,936.22,1,2,1,4,0,0,4,1,PAYMENT
1523,SES-9522,5.8,7,1,3,2,2803.0,0,0,0,2,0,0,3,0,PRODUCT_INFORMATION
1524,SES-9523,2.2,12,10,3,1,2143.48,1,3,1,2,1,1,0,1,PAYMENT
1525,SES-9524,8.3,10,6,2,0,0.0,0,0,0,4,0,0,3,0,DECISION_DIFFICULTY
1526,SES-9525,4.3,10,8,2,1,2370.68,0,0,0,3,1,0,5,1,SUPPORT
1527,SES-9526,4.7,13,9,1,0,0.0,0,0,0,2,1,0,0,0,SUPPORT
1528,SES-9527,5.0,20,0,3,0,0.0,1,1,0,5,0,0,3,1,PRODUCT_TRUST
1529,SES-9528,18.9,13,2,3,2,5237.7,1,3,1,2,1,0,5,1,PAYMENT
1530,SES-9529,9.5,16,4,2,2,2784.55,1,4,1,6,1,1,3,1,PAYMENT
1531,SES-9530,5.1,5,1,3,2,2758.16,1,0,0,2,0,0,5,0,PRODUCT_INFORMATION
1532,SES-9531,11.4,10,5,3,5,2007.91,0,0,0,12,0,0,0,1,DELIVERY
1533,SES-9532,14.9,9,5,4,2,4804.88,1,1,0,6,0,0,2,0,PRICE
1534,SES-9533,4.5,8,4,2,0,0.0,0,0,0,9,1,1,4,1,DELIVERY
1535,SES-9534,6.9,6,5,6,2,5091.25,1,1,0,4,0,0,2,0,PRICE
1536,SES-9535,2.4,9,8,3,3,2405.0,0,0,0,2,0,0,5,0,PRICE
1537,SES-9536,3.2,16,12,2,0,0.0,0,0,0,3,0,0,2,1,DECISION_DIFFICULTY
1538,SES-9537,13.6,10,0,2,0,0.0,0,0,0,12,0,0,4,0,DELIVERY
1539,SES-9538,3.2,10,0,2,0,0.0,0,0,0,5,0,0,2,0,PRODUCT_INFORMATION
1540,SES-9539,9.2,13,8,3,2,2456.56,1,0,0,3,0,0,4,0,PRICE
1541,SES-9540,14.6,8,5,1,0,0.0,0,0,0,4,0,0,1,1,DECISION_DIFFICULTY
1542,SES-9541,2.2,13,7,2,0,0.0,0,0,0,3,0,0,1,0,DECISION_DIFFICULTY
1543,SES-9542,10.2,11,8,3,3,2346.25,1,2,1,4,0,0,1,1,PAYMENT
1544,SES-9543,4.3,8,6,5,3,4605.17,1,1,0,7,1,1,1,0,SUPPORT
1545,SES-9544,37.2,10,9,1,2,2940.32,0,0,0,3,0,0,3,0,DECISION_DIFFICULTY
1546,SES-9545,8.3,11,5,4,4,9137.26,0,0,0,4,0,0,4,1,PRICE
1547,SES-9546,19.0,11,8,6,0,0.0,0,0,0,4,0,0,4,0,DECISION_DIFFICULTY
1548,SES-9547,9.8,8,1,0,1,2081.47,1,2,0,5,0,0,2,0,PAYMENT
1549,SES-9548,1.5,9,3,3,0,0.0,0,0,0,2,0,0,3,0,PRODUCT_INFORMATION
1550,SES-9549,12.0,8,1,3,4,2644.98,1,4,1,3,0,0,4,0,PAYMENT
1551,SES-9550,34.3,11,5,0,4,5994.49,1,3,1,4,1,1,2,1,PAYMENT
1552,SES-9551,11.1,6,0,4,0,0.0,0,0,0,7,0,0,2,0,PRODUCT_INFORMATION
1553,SES-9552,19.8,9,6,4,2,2008.63,1,1,0,3,0,0,2,0,DECISION_DIFFICULTY
1554,SES-9553,24.7,11,6,2,2,4220.94,1,1,0,8,1,1,2,1,SUPPORT
1555,SES-9554,3.8,9,6,2,2,4789.9,0,0,0,3,0,0,1,1,PRICE
1556,SES-9555,3.6,11,3,5,2,1350.74,1,2,1,3,1,0,3,1,PAYMENT
1557,SES-9556,11.4,8,6,1,2,1395.68,1,1,0,4,0,0,2,0,DECISION_DIFFICULTY
1558,SES-9557,6.8,5,4,5,1,1934.57,0,0,0,5,0,0,1,1,DECISION_DIFFICULTY
1559,SES-9558,21.1,10,1,1,1,746.32,0,0,0,6,0,0,5,0,TECHNICAL
1560,SES-9559,26.3,15,4,4,0,0.0,0,0,0,4,0,1,3,1,DECISION_DIFFICULTY
1561,SES-9560,5.8,6,3,3,3,7166.6,1,2,1,7,0,0,1,1,PAYMENT
1562,SES-9561,4.0,10,9,4,0,0.0,0,0,0,7,0,0,4,0,DECISION_DIFFICULTY
1563,SES-9562,17.7,13,8,4,0,0.0,0,0,0,1,0,0,2,0,DECISION_DIFFICULTY
1564,SES-9563,4.5,10,9,0,2,897.68,0,0,0,7,0,0,6,0,DECISION_DIFFICULTY
1565,SES-9564,20.0,10,0,0,0,0.0,0,0,0,4,0,1,2,0,TECHNICAL
1566,SES-9565,7.1,6,2,2,2,4510.11,0,0,0,11,0,0,4,1,DELIVERY
1567,SES-9566,13.1,11,1,5,2,5395.04,0,0,0,7,0,0,5,0,PRICE
1568,SES-9567,2.1,17,15,2,0,0.0,0,0,0,4,0,0,1,1,DECISION_DIFFICULTY
1569,SES-9568,11.8,9,7,2,1,400.96,1,3,1,5,1,1,2,1,PAYMENT
1570,SES-9569,7.6,8,4,2,2,3832.94,1,1,0,3,0,0,3,0,PRICE
1571,SES-9570,10.7,9,4,2,0,0.0,0,0,0,3,0,0,3,0,DECISION_DIFFICULTY
1572,SES-9571,3.0,9,8,4,0,0.0,0,0,0,3,0,0,3,0,DECISION_DIFFICULTY
1573,SES-9572,15.7,10,5,5,1,2243.3,0,0,0,6,0,0,4,0,PRICE
1574,SES-9573,22.8,12,7,4,2,4916.78,0,0,0,1,0,0,2,0,PRICE
1575,SES-9574,3.7,15,14,2,2,3341.33,1,1,0,4,0,0,4,0,PRICE
1576,SES-9575,2.1,14,11,4,0,0.0,0,0,0,7,0,0,3,0,DECISION_DIFFICULTY
1577,SES-9576,1.3,15,0,3,0,0.0,0,0,0,6,0,1,1,1,PRODUCT_TRUST
1578,SES-9577,12.3,9,8,1,2,3359.5,1,2,1,4,0,1,2,1,PAYMENT
1579,SES-9578,11.3,14,8,5,1,1657.88,1,1,0,5,1,0,1,1,SUPPORT
1580,SES-9579,9.7,12,2,2,2,3228.11,1,1,0,4,0,0,2,0,PRICE
1581,SES-9580,3.9,12,0,4,0,0.0,1,1,0,7,0,0,2,0,PRODUCT_INFORMATION
1582,SES-9581,6.5,7,3,2,0,0.0,0,0,0,5,0,0,5,0,PRODUCT_INFORMATION
1583,SES-9582,10.9,5,0,1,0,0.0,0,0,0,5,0,0,3,0,DELIVERY
1584,SES-9583,8.6,7,5,3,3,4457.93,0,0,0,13,1,0,3,1,DELIVERY
1585,SES-9584,49.5,9,5,1,0,0.0,0,0,0,6,0,0,2,0,DECISION_DIFFICULTY
1586,SES-9585,2.6,14,8,0,5,4573.47,1,0,0,3,0,1,2,1,PRICE
1587,SES-9586,14.1,11,9,0,0,0.0,0,0,0,6,1,0,1,0,SUPPORT
1588,SES-9587,6.7,12,8,3,0,0.0,0,0,0,10,0,1,6,0,DELIVERY
1589,SES-9588,7.1,15,11,5,4,8680.79,1,1,0,3,0,0,2,0,PRICE
1590,SES-9589,14.9,10,3,2,0,0.0,0,0,0,7,0,0,2,1,PRODUCT_INFORMATION
1591,SES-9590,14.0,6,2,4,2,5358.91,1,2,0,3,0,0,1,1,PAYMENT
1592,SES-9591,53.1,16,4,2,3,4178.86,1,0,0,4,0,0,3,0,PRICE
1593,SES-9592,2.5,9,5,4,1,1914.14,1,1,1,6,1,1,1,1,PAYMENT
1594,SES-9593,2.2,9,5,2,1,932.03,0,0,0,3,0,0,6,1,DECISION_DIFFICULTY
1595,SES-9594,15.2,12,9,3,1,2052.78,0,0,0,3,0,0,3,0,DECISION_DIFFICULTY
1596,SES-9595,10.5,8,1,7,2,3266.49,0,0,0,4,0,0,8,0,PRODUCT_INFORMATION
1597,SES-9596,4.5,6,3,5,0,0.0,0,0,0,6,0,0,4,0,PRODUCT_INFORMATION
1598,SES-9597,1.9,7,3,3,0,0.0,0,0,0,5,0,0,0,0,PRODUCT_INFORMATION
1599,SES-9598,2.0,7,0,0,0,0.0,0,0,0,6,0,0,4,0,PRODUCT_TRUST
1600,SES-9599,25.7,13,6,1,1,1449.89,1,1,0,5,0,0,1,0,DECISION_DIFFICULTY
1601,SES-9600,3.3,7,0,3,0,0.0,0,0,0,5,0,0,2,0,PRODUCT_INFORMATION
1602,SES-9601,5.3,11,5,3,0,0.0,0,0,0,3,0,0,2,0,DECISION_DIFFICULTY
1603,SES-9602,3.8,9,6,1,1,2700.07,0,0,0,4,0,1,3,0,PRICE
1604,SES-9603,5.8,14,8,3,2,2246.06,1,1,0,4,0,0,3,0,PRICE
1605,SES-9604,1.8,11,3,1,0,0.0,0,0,0,2,0,0,3,0,PRODUCT_TRUST
1606,SES-9605,9.1,11,8,2,1,1228.82,1,1,0,9,0,0,5,0,DELIVERY
1607,SES-9606,1.8,16,14,2,2,4692.03,0,0,0,5,0,0,5,0,PRICE
1608,SES-9607,18.7,6,2,3,0,0.0,0,0,0,8,0,0,0,0,DELIVERY
1609,SES-9608,3.9,9,7,4,3,3563.24,1,2,1,6,0,0,0,1,PAYMENT
1610,SES-9609,9.5,14,2,6,2,4239.79,1,3,0,2,0,0,4,0,PAYMENT
1611,SES-9610,24.3,9,2,2,1,2216.19,1,1,0,3,0,0,3,0,PRODUCT_TRUST
1612,SES-9611,12.6,7,2,3,1,731.9,0,0,0,11,0,1,1,1,DELIVERY
1613,SES-9612,9.4,10,8,1,3,5362.65,1,1,0,4,0,0,0,1,PRICE
1614,SES-9613,5.3,16,9,4,2,4677.24,1,1,0,7,0,0,1,0,PRICE
1615,SES-9614,5.5,7,5,6,2,1041.67,1,1,0,5,0,0,5,0,DECISION_DIFFICULTY
1616,SES-9615,13.2,9,2,2,2,3237.76,1,1,0,7,0,0,1,1,PRICE
1617,SES-9616,57.5,9,5,2,1,2415.6,0,0,0,6,0,0,2,1,PRICE
1618,SES-9617,12.9,10,3,2,3,8059.89,1,1,0,3,0,0,4,0,PRICE
1619,SES-9618,10.0,9,1,2,2,3948.73,0,0,0,14,1,1,0,1,DELIVERY
1620,SES-9619,15.4,17,11,5,3,3560.2,1,1,0,4,0,0,0,0,DECISION_DIFFICULTY
1621,SES-9620,7.9,12,11,3,3,5554.88,1,1,0,5,0,0,2,1,PRICE
1622,SES-9621,1.7,11,2,4,9,4191.05,1,2,1,5,0,1,0,1,PAYMENT
1623,SES-9622,10.1,11,4,5,1,1494.07,0,0,0,8,0,0,4,1,DELIVERY
1624,SES-9623,35.8,10,9,6,0,0.0,0,0,0,3,0,0,6,0,DECISION_DIFFICULTY
1625,SES-9624,3.1,13,3,5,2,973.79,0,0,0,2,0,0,2,0,PRODUCT_INFORMATION
1626,SES-9625,13.9,13,4,1,1,1847.76,1,3,1,4,1,0,1,1,PAYMENT
1627,SES-9626,3.5,14,12,5,1,1811.97,0,0,0,9,1,1,4,1,DELIVERY
1628,SES-9627,9.4,9,0,2,0,0.0,0,0,0,4,1,0,1,1,SUPPORT
1629,SES-9628,2.1,11,3,2,1,1766.13,1,1,0,3,0,0,2,0,PRODUCT_INFORMATION
1630,SES-9629,7.6,7,2,2,1,1382.68,1,3,1,5,1,0,2,0,PAYMENT
1631,SES-9630,16.5,10,9,3,2,3098.38,1,1,0,6,0,0,3,0,DECISION_DIFFICULTY
1632,SES-9631,5.7,15,2,4,4,4723.9,1,2,1,4,1,0,2,1,PAYMENT
1633,SES-9632,13.0,14,12,2,2,4689.65,1,1,0,4,0,0,2,0,DECISION_DIFFICULTY
1634,SES-9633,18.5,14,1,3,0,0.0,0,0,0,4,0,0,5,0,PRODUCT_INFORMATION
1635,SES-9634,29.8,15,6,2,2,4595.89,1,1,0,4,0,0,4,0,DECISION_DIFFICULTY
1636,SES-9635,3.9,18,9,5,2,1167.55,1,1,0,7,0,0,1,0,DECISION_DIFFICULTY
1637,SES-9636,6.6,7,0,2,0,0.0,0,0,0,4,0,0,2,0,PRODUCT_INFORMATION
1638,SES-9637,2.8,14,0,7,0,0.0,0,0,0,3,0,0,2,0,PRODUCT_INFORMATION
1639,SES-9638,54.8,13,11,2,2,2741.98,1,1,0,3,0,0,3,0,DECISION_DIFFICULTY
1640,SES-9639,29.8,9,6,5,1,1459.11,1,1,0,3,0,0,5,0,DECISION_DIFFICULTY
1641,SES-9640,9.5,13,10,4,3,5897.21,1,2,1,4,0,0,2,1,PAYMENT
1642,SES-9641,21.3,7,3,5,1,1777.73,1,1,0,5,0,0,0,0,PRODUCT_INFORMATION
1643,SES-9642,9.1,7,0,2,0,0.0,0,0,0,5,0,0,0,0,PRODUCT_INFORMATION
1644,SES-9643,11.7,7,4,7,2,4820.83,1,1,0,2,0,0,4,1,PRICE
1645,SES-9644,2.0,16,0,6,0,0.0,0,0,0,5,0,0,2,0,PRODUCT_INFORMATION
1646,SES-9645,16.5,13,2,3,1,2464.57,1,1,0,4,0,0,2,0,PRODUCT_INFORMATION
1647,SES-9646,2.5,18,15,4,2,4694.86,1,3,1,3,1,1,3,1,PAYMENT
1648,SES-9647,20.2,8,7,6,4,3478.67,1,3,1,3,0,0,3,1,PAYMENT
1649,SES-9648,17.8,7,4,3,0,0.0,0,0,0,6,1,0,1,0,SUPPORT
1650,SES-9649,14.6,15,14,3,1,935.87,1,1,0,7,0,0,3,0,DECISION_DIFFICULTY
1651,SES-9650,1.4,16,3,4,4,10651.08,1,1,0,2,0,0,1,0,PRODUCT_INFORMATION
1652,SES-9651,5.0,9,0,3,0,0.0,0,0,0,4,0,0,1,0,PRODUCT_INFORMATION
1653,SES-9652,4.4,8,0,7,0,0.0,0,0,0,4,0,0,3,1,PRODUCT_INFORMATION
1654,SES-9653,5.9,9,7,4,1,1926.66,1,4,1,1,0,0,0,1,PAYMENT
1655,SES-9654,2.0,7,6,6,2,4194.6,0,0,0,6,0,0,2,0,PRICE
1656,SES-9655,31.4,12,7,4,2,3703.85,1,1,0,4,0,0,1,0,DECISION_DIFFICULTY
1657,SES-9656,9.9,10,3,5,3,2940.15,1,1,0,4,0,0,1,0,PRODUCT_INFORMATION
1658,SES-9657,5.0,13,3,7,3,6493.54,1,1,0,5,0,0,0,0,PRODUCT_INFORMATION
1659,SES-9658,6.6,7,1,3,1,2630.95,1,2,1,4,0,0,2,1,PAYMENT
1660,SES-9659,7.5,12,10,2,1,2685.12,1,1,1,6,0,1,3,0,PAYMENT
1661,SES-9660,11.1,11,1,3,3,6092.25,1,1,0,5,0,0,2,0,PRODUCT_INFORMATION
1662,SES-9661,9.0,13,1,3,2,4833.18,1,1,1,3,1,1,0,1,PAYMENT
1663,SES-9662,28.7,6,3,3,3,8246.15,1,2,1,8,0,0,2,1,PAYMENT
1664,SES-9663,8.6,9,5,4,1,504.11,1,1,0,3,0,1,2,0,DECISION_DIFFICULTY
1665,SES-9664,54.3,10,7,2,0,0.0,0,0,0,6,0,0,1,0,DECISION_DIFFICULTY
1666,SES-9665,22.0,7,6,2,2,2198.76,0,0,0,7,0,0,6,0,DECISION_DIFFICULTY
1667,SES-9666,3.6,7,6,0,1,1539.49,0,0,0,5,0,0,1,1,DECISION_DIFFICULTY
1668,SES-9667,30.3,10,2,2,4,10402.41,1,4,1,4,1,1,4,1,PAYMENT
1669,SES-9668,2.4,3,1,5,2,5520.25,0,0,0,8,0,0,2,1,DELIVERY
1670,SES-9669,19.7,10,9,3,2,5143.64,1,1,0,3,0,0,5,0,DECISION_DIFFICULTY
1671,SES-9670,6.3,5,3,3,3,2619.25,1,1,1,5,0,0,2,1,PAYMENT
1672,SES-9671,24.1,10,0,2,0,0.0,0,0,0,8,0,0,4,0,DELIVERY
1673,SES-9672,23.3,8,0,3,0,0.0,0,0,0,2,0,0,3,0,SUPPORT
1674,SES-9673,19.0,8,3,2,2,3581.02,1,1,0,5,1,0,0,0,SUPPORT
1675,SES-9674,18.2,9,4,5,4,8462.96,1,1,0,9,0,0,1,0,DELIVERY
1676,SES-9675,5.0,7,4,2,1,2572.86,1,1,0,2,0,0,3,0,PRICE
1677,SES-9676,1.9,12,0,4,0,0.0,0,0,0,2,0,0,2,0,PRODUCT_INFORMATION
1678,SES-9677,6.7,8,2,2,2,992.33,0,0,0,4,0,0,1,0,PRODUCT_INFORMATION
1679,SES-9678,3.1,11,5,1,1,1017.19,0,0,0,14,0,1,2,1,DELIVERY
1680,SES-9679,14.1,9,6,2,1,2642.98,0,0,0,3,0,0,4,1,DECISION_DIFFICULTY
1681,SES-9680,5.7,8,2,1,3,3569.88,0,0,0,3,0,0,4,1,PRICE
1682,SES-9681,41.8,14,0,3,0,0.0,0,0,0,7,0,0,2,1,PRODUCT_INFORMATION
1683,SES-9682,12.3,10,7,2,2,2303.68,1,1,0,2,0,0,3,0,DECISION_DIFFICULTY
1684,SES-9683,20.0,10,3,0,1,1644.39,1,1,0,14,1,1,5,1,DELIVERY
1685,SES-9684,2.6,8,4,1,0,0.0,0,0,0,6,0,0,3,0,DECISION_DIFFICULTY
1686,SES-9685,22.8,9,8,5,2,4583.85,0,0,0,11,0,1,0,1,DELIVERY
1687,SES-9686,29.2,9,5,2,2,3732.97,1,0,0,2,0,0,4,1,PRICE
1688,SES-9687,8.3,17,14,1,3,4331.31,1,1,0,3,0,0,3,0,PRICE
1689,SES-9688,11.3,5,0,0,0,0.0,0,0,0,4,0,0,2,0,DELIVERY
1690,SES-9689,16.9,12,1,1,1,2526.25,1,1,0,2,0,0,5,0,PRICE
1691,SES-9690,3.1,11,2,4,4,9877.66,1,3,0,2,0,0,2,1,PAYMENT
1692,SES-9691,8.7,11,1,2,2,3522.82,0,0,0,9,0,0,2,1,DELIVERY
1693,SES-9692,6.6,12,9,5,3,6815.46,1,2,1,1,1,0,2,1,PAYMENT
1694,SES-9693,2.7,8,6,3,1,1206.13,1,2,1,6,0,1,1,1,PAYMENT
1695,SES-9694,6.0,9,0,5,0,0.0,0,0,0,6,0,0,3,0,PRODUCT_INFORMATION
1696,SES-9695,1.8,12,8,3,2,5081.85,1,2,1,2,0,0,4,1,PAYMENT
1697,SES-9696,1.3,18,17,4,1,1832.4,1,1,0,3,0,0,0,0,DECISION_DIFFICULTY
1698,SES-9697,2.6,15,3,3,3,3673.82,0,0,0,4,1,0,2,1,SUPPORT
1699,SES-9698,37.3,9,7,2,3,7286.32,1,1,0,5,0,0,1,1,DECISION_DIFFICULTY
1700,SES-9699,9.8,6,2,2,1,1462.13,1,4,1,9,0,0,2,1,PAYMENT
1701,SES-9700,38.1,11,2,2,0,0.0,0,0,0,4,0,0,7,0,PRODUCT_INFORMATION
1702,SES-9701,7.2,13,8,4,2,925.62,1,1,0,10,1,1,2,1,DELIVERY
1703,SES-9702,5.1,9,6,4,2,4059.21,1,3,1,3,0,1,2,1,PAYMENT
1704,SES-9703,8.8,10,9,2,1,1678.34,1,1,0,5,0,0,3,0,DECISION_DIFFICULTY
1705,SES-9704,7.4,12,11,1,1,1148.39,1,1,0,7,0,0,2,0,DECISION_DIFFICULTY
1706,SES-9705,2.2,17,11,4,3,2202.97,1,1,0,3,1,0,2,1,SUPPORT
1707,SES-9706,12.3,11,2,2,4,3351.19,0,0,0,6,0,0,0,1,PRICE
1708,SES-9707,3.7,9,2,1,1,939.67,0,0,0,4,0,0,1,1,DECISION_DIFFICULTY
1709,SES-9708,11.6,8,6,4,2,4952.98,0,0,0,14,0,1,1,1,DELIVERY
1710,SES-9709,12.6,11,4,3,2,3107.05,1,1,0,2,0,0,2,1,PRICE
1711,SES-9710,2.8,11,4,2,1,2069.19,0,0,0,5,0,0,1,1,PRICE
1712,SES-9711,1.7,8,1,4,3,4521.49,1,0,0,6,0,0,4,0,PRICE
1713,SES-9712,17.7,6,4,3,2,3073.91,1,1,0,5,0,0,3,0,PRICE
1714,SES-9713,7.8,10,8,4,1,2373.15,1,2,1,4,1,1,3,1,PAYMENT
1715,SES-9714,1.7,5,0,5,0,0.0,0,0,0,4,0,0,1,0,PRODUCT_INFORMATION
1716,SES-9715,59.0,10,5,4,2,1914.26,1,0,0,4,0,0,2,0,DECISION_DIFFICULTY
1717,SES-9716,1.7,13,10,2,0,0.0,0,0,0,4,0,1,2,1,DECISION_DIFFICULTY
1718,SES-9717,14.1,5,2,3,2,4064.9,1,1,0,5,0,0,4,0,PRODUCT_INFORMATION
1719,SES-9718,46.3,13,6,1,1,1371.53,1,1,0,6,0,0,2,0,DECISION_DIFFICULTY
1720,SES-9719,4.0,16,9,1,2,1127.99,0,0,0,3,0,0,2,1,DECISION_DIFFICULTY
1721,SES-9720,2.7,9,7,1,1,1291.37,1,1,0,10,0,1,3,1,DELIVERY
1722,SES-9721,2.4,10,8,7,2,2519.86,1,3,1,4,0,1,3,1,PAYMENT
1723,SES-9722,5.0,9,5,1,2,4115.02,0,0,0,4,0,0,1,0,PRICE
1724,SES-9723,2.2,12,7,2,5,11714.21,1,1,0,4,0,0,2,1,PRICE
1725,SES-9724,14.0,9,1,2,0,0.0,0,0,0,2,0,0,3,0,PRODUCT_INFORMATION
1726,SES-9725,1.7,10,9,4,3,5849.16,1,3,0,2,0,0,2,0,PAYMENT
1727,SES-9726,8.8,12,7,0,1,1942.8,0,0,0,7,1,1,3,1,SUPPORT
1728,SES-9727,60.0,7,6,1,1,1955.57,1,3,1,4,0,0,5,1,PAYMENT
1729,SES-9728,19.5,12,10,3,3,5191.02,1,3,1,3,0,0,1,1,PAYMENT
1730,SES-9729,11.5,11,1,2,2,3820.24,1,0,0,6,0,1,1,0,PRODUCT_TRUST
1731,SES-9730,5.0,9,7,3,4,9929.8,1,1,0,11,1,1,0,1,DELIVERY
1732,SES-9731,11.8,10,1,2,2,5224.78,0,0,0,10,0,0,2,0,DELIVERY
1733,SES-9732,9.2,8,2,3,3,1860.96,1,1,0,6,1,1,6,0,SUPPORT
1734,SES-9733,7.1,12,6,4,3,1284.62,1,3,0,3,0,1,3,1,PAYMENT
1735,SES-9734,2.5,10,8,5,2,3290.8,1,2,0,2,0,0,4,0,PAYMENT
1736,SES-9735,24.9,8,2,0,1,1390.75,1,1,0,8,1,0,4,1,DELIVERY
1737,SES-9736,7.6,13,4,4,3,4448.42,1,1,0,11,0,0,2,0,DELIVERY
1738,SES-9737,3.4,8,0,4,0,0.0,0,0,0,5,0,0,2,0,PRODUCT_INFORMATION
1739,SES-9738,6.0,7,6,3,2,5096.91,1,1,1,9,0,0,1,1,PAYMENT
1740,SES-9739,6.9,7,5,1,3,5783.71,1,1,0,7,1,0,5,1,SUPPORT
1741,SES-9740,20.3,14,1,1,1,1461.62,1,1,0,2,1,0,6,0,SUPPORT
1742,SES-9741,15.6,14,4,7,2,2982.96,1,2,1,3,0,0,1,1,PAYMENT
1743,SES-9742,17.1,12,4,1,1,2426.81,0,0,0,2,0,0,4,0,PRICE
1744,SES-9743,1.1,12,8,4,2,1841.87,1,1,0,4,0,1,1,1,PRODUCT_TRUST
1745,SES-9744,6.9,6,1,1,1,435.39,1,2,1,3,0,0,2,1,PAYMENT
1746,SES-9745,8.2,8,0,1,0,0.0,0,0,0,4,0,0,1,0,PRODUCT_INFORMATION
1747,SES-9746,1.2,11,3,3,3,8115.39,1,1,0,1,0,0,1,0,PRODUCT_INFORMATION
1748,SES-9747,4.3,10,3,2,3,7063.48,0,0,0,6,0,0,2,1,PRICE
1749,SES-9748,16.7,15,0,4,0,0.0,0,0,0,3,0,0,3,1,PRODUCT_INFORMATION
1750,SES-9749,2.6,12,9,4,3,2460.71,0,0,0,4,0,1,3,1,PRICE
1751,SES-9750,9.4,7,6,3,2,3536.65,1,1,0,4,0,0,3,0,PRICE
1752,SES-9751,3.7,8,1,4,1,2511.29,1,1,0,2,1,1,0,1,DELIVERY
1753,SES-9752,1.1,16,10,2,0,0.0,0,0,0,4,0,0,1,0,DECISION_DIFFICULTY
1754,SES-9753,4.0,7,6,6,2,3392.96,1,2,1,9,1,1,4,1,PAYMENT
1755,SES-9754,42.0,12,8,1,1,2163.7,1,1,0,9,0,0,1,1,DELIVERY
1756,SES-9755,18.8,9,6,1,2,5430.34,0,0,0,1,0,0,0,0,PRICE
1757,SES-9756,36.3,4,0,3,0,0.0,0,0,0,1,0,0,6,0,PRODUCT_INFORMATION
1758,SES-9757,8.4,10,6,1,3,5198.51,1,1,0,5,0,0,4,1,PRICE
1759,SES-9758,2.3,11,0,3,0,0.0,0,0,0,3,0,0,3,0,PRODUCT_INFORMATION
1760,SES-9759,9.7,14,13,1,6,10559.23,1,1,1,9,0,0,2,1,PAYMENT
1761,SES-9760,7.7,10,8,3,0,0.0,0,0,0,4,0,0,4,0,DECISION_DIFFICULTY
1762,SES-9761,21.5,15,9,3,0,0.0,0,0,0,3,0,1,7,0,DECISION_DIFFICULTY
1763,SES-9762,2.1,12,8,1,3,5289.81,0,0,0,11,0,0,2,1,DELIVERY
1764,SES-9763,8.4,11,1,1,2,864.6,1,1,0,3,0,0,2,0,PRICE
1765,SES-9764,2.8,10,9,3,3,7953.09,1,1,0,3,0,0,6,0,PRICE
1766,SES-9765,5.3,10,8,3,1,490.81,1,0,0,2,1,1,1,1,DELIVERY
1767,SES-9766,15.7,6,1,2,1,2699.57,1,1,0,3,0,0,3,0,PRICE
1768,SES-9767,8.1,13,12,2,3,8176.75,1,1,0,6,0,0,2,0,PRICE
1769,SES-9768,6.2,5,1,2,3,4992.89,0,0,0,6,0,0,5,1,PRICE
1770,SES-9769,6.5,8,4,3,1,1197.8,1,1,0,4,0,0,1,1,DECISION_DIFFICULTY
1771,SES-9770,7.8,8,4,3,6,5063.29,1,0,0,4,0,0,5,0,PRICE
1772,SES-9771,17.9,10,7,4,1,789.22,1,1,1,4,1,1,2,1,PAYMENT
1773,SES-9772,25.5,14,2,3,0,0.0,0,0,0,3,1,1,4,1,SUPPORT
1774,SES-9773,35.2,13,2,3,1,1542.9,1,1,1,5,0,1,3,1,PAYMENT
1775,SES-9774,18.0,11,6,2,1,2182.96,0,0,0,7,0,1,3,1,DECISION_DIFFICULTY
1776,SES-9775,5.2,10,9,1,1,1356.95,1,1,0,1,0,0,2,0,DECISION_DIFFICULTY
1777,SES-9776,13.8,14,5,1,3,6823.29,1,1,0,10,0,0,4,0,DELIVERY
1778,SES-9777,7.3,11,6,2,1,1755.01,0,0,0,2,0,0,1,0,DECISION_DIFFICULTY
1779,SES-9778,4.2,5,0,3,0,0.0,0,0,0,9,0,0,6,0,DELIVERY
1780,SES-9779,21.2,12,1,5,3,2148.9,1,1,0,3,0,0,2,0,PRODUCT_INFORMATION
1781,SES-9780,1.4,7,2,6,1,1773.4,1,2,1,9,1,0,0,1,PAYMENT
1782,SES-9781,26.5,11,5,3,1,786.8,1,1,0,6,0,0,2,0,DECISION_DIFFICULTY
1783,SES-9782,7.8,8,6,2,3,5579.84,1,1,1,3,0,0,6,1,PAYMENT
1784,SES-9783,12.2,6,5,4,0,0.0,0,0,0,1,0,0,5,0,DECISION_DIFFICULTY
1785,SES-9784,12.8,10,3,1,1,2056.2,1,2,1,6,0,0,5,1,PAYMENT
1786,SES-9785,25.8,11,5,4,1,1099.45,0,0,0,7,0,0,2,0,DECISION_DIFFICULTY
1787,SES-9786,12.1,10,5,3,1,2371.9,1,2,1,5,0,0,4,0,PAYMENT
1788,SES-9787,11.5,10,9,2,5,6666.61,1,2,1,4,1,1,1,1,PAYMENT
1789,SES-9788,1.8,14,2,3,1,2311.96,1,1,0,2,0,0,2,0,PRODUCT_INFORMATION
1790,SES-9789,9.0,6,4,6,2,892.98,0,0,0,4,0,0,0,1,DECISION_DIFFICULTY
1791,SES-9790,2.8,15,10,3,0,0.0,0,0,0,3,0,0,4,1,DECISION_DIFFICULTY
1792,SES-9791,15.7,10,9,0,2,1856.9,0,0,0,6,0,0,1,0,DECISION_DIFFICULTY
1793,SES-9792,8.9,12,10,2,2,2929.67,1,1,0,2,0,0,2,0,PRICE
1794,SES-9793,13.5,9,3,3,0,0.0,0,0,0,7,0,0,3,0,DELIVERY
1795,SES-9794,1.5,13,12,5,3,2344.49,1,1,0,5,1,1,2,1,SUPPORT
1796,SES-9795,2.0,9,1,3,1,611.19,1,3,1,4,0,0,3,1,PAYMENT
1797,SES-9796,14.9,7,5,2,1,540.39,1,1,0,4,0,0,2,0,DECISION_DIFFICULTY
1798,SES-9797,1.8,11,9,5,3,2088.19,0,0,0,4,0,0,4,0,PRICE
1799,SES-9798,1.8,11,0,4,0,0.0,0,0,0,5,0,0,2,1,PRODUCT_INFORMATION
1800,SES-9799,1.1,10,6,6,0,0.0,0,0,0,3,0,0,3,0,DECISION_DIFFICULTY
1801,SES-9800,35.5,14,9,2,3,2045.29,1,2,0,13,0,1,5,1,PAYMENT
1802,SES-9801,15.7,7,2,7,0,0.0,0,0,0,9,0,0,1,1,DELIVERY
1803,SES-9802,5.8,12,2,3,1,1949.27,1,1,0,4,0,0,4,0,PRODUCT_INFORMATION
1804,SES-9803,4.9,9,2,2,0,0.0,0,0,0,3,0,0,3,0,PRODUCT_INFORMATION
1805,SES-9804,5.7,5,2,4,0,0.0,0,0,0,3,0,0,4,0,PRODUCT_INFORMATION
1806,SES-9805,17.4,15,9,1,0,0.0,0,0,0,13,0,1,3,1,PRODUCT_TRUST
1807,SES-9806,12.9,16,11,0,3,5519.5,1,1,0,4,0,0,3,0,DECISION_DIFFICULTY
1808,SES-9807,3.3,4,0,0,0,0.0,0,0,0,9,1,0,1,0,DELIVERY
1809,SES-9808,3.1,10,2,4,1,2446.2,1,1,0,2,0,0,4,0,PRODUCT_INFORMATION
1810,SES-9809,2.1,8,1,2,1,2581.82,1,1,0,6,0,0,4,0,PRICE
1811,SES-9810,12.9,14,5,3,2,1074.03,1,3,1,6,1,1,3,1,PAYMENT
1812,SES-9811,16.9,8,5,3,4,2256.12,1,1,0,5,0,0,1,0,PRICE
1813,SES-9812,4.4,7,1,5,4,9054.89,1,3,1,2,1,1,2,1,PAYMENT
1814,SES-9813,1.2,10,2,5,2,4140.01,1,2,1,13,0,1,5,1,PAYMENT
1815,SES-9814,1.9,11,0,2,0,0.0,0,0,0,3,1,1,6,1,SUPPORT
1816,SES-9815,38.8,10,9,2,2,2341.89,1,1,1,6,0,0,2,1,PAYMENT
1817,SES-9816,4.9,13,12,2,1,1866.5,1,1,0,6,0,0,3,0,DECISION_DIFFICULTY
1818,SES-9817,17.1,13,12,4,1,2293.58,1,2,1,6,0,1,3,1,PAYMENT
1819,SES-9818,11.8,5,0,5,0,0.0,0,0,0,7,0,0,1,0,PRODUCT_INFORMATION
1820,SES-9819,6.3,9,5,3,3,6902.17,0,0,0,13,0,0,1,1,DELIVERY
1821,SES-9820,3.5,11,5,2,4,3794.73,1,2,1,2,0,0,4,1,PAYMENT
1822,SES-9821,2.4,8,1,4,3,3584.02,0,0,0,4,0,0,2,1,PRICE
1823,SES-9822,11.5,6,0,8,0,0.0,0,0,0,12,0,0,1,1,DELIVERY
1824,SES-9823,17.4,15,1,3,3,8290.66,0,0,0,8,0,0,2,1,DELIVERY
1825,SES-9824,12.4,14,9,2,2,4683.15,0,0,0,14,0,0,2,1,DELIVERY
1826,SES-9825,9.3,9,8,2,0,0.0,0,0,0,5,0,0,0,0,DECISION_DIFFICULTY
1827,SES-9826,1.5,14,13,3,0,0.0,0,0,0,5,0,0,4,0,DELIVERY
1828,SES-9827,39.0,13,11,4,0,0.0,1,1,1,3,0,0,2,1,PAYMENT
1829,SES-9828,18.6,6,2,5,2,4939.58,0,0,0,4,1,0,3,1,SUPPORT
1830,SES-9829,4.8,5,2,1,2,4689.67,1,3,1,1,0,0,2,1,PAYMENT
1831,SES-9830,44.0,11,2,1,3,6633.73,0,0,0,6,0,0,6,0,PRICE
1832,SES-9831,11.1,12,0,2,0,0.0,0,0,0,10,0,1,2,1,DELIVERY
1833,SES-9832,10.6,8,1,3,0,0.0,0,0,0,2,0,0,3,0,PRODUCT_INFORMATION
1834,SES-9833,16.2,11,6,5,2,3125.95,0,0,0,4,0,0,1,0,DECISION_DIFFICULTY
1835,SES-9834,19.4,21,12,3,0,0.0,0,0,0,5,0,0,2,0,DECISION_DIFFICULTY
1836,SES-9835,12.8,10,6,4,0,0.0,0,0,0,5,0,0,2,0,DECISION_DIFFICULTY
1837,SES-9836,2.5,12,1,4,4,3008.03,1,1,0,3,0,0,2,0,PRODUCT_INFORMATION
1838,SES-9837,5.5,8,5,0,3,7425.98,1,1,0,1,0,0,3,0,PRICE
1839,SES-9838,30.0,14,3,0,1,1173.04,1,0,0,8,0,1,3,1,DELIVERY
1840,SES-9839,3.8,14,10,5,1,1639.39,0,0,0,2,0,0,3,1,DECISION_DIFFICULTY
1841,SES-9840,6.1,9,6,4,1,1271.05,1,2,0,3,0,0,3,0,PAYMENT
1842,SES-9841,7.2,10,6,4,2,3215.35,1,1,0,11,1,1,4,1,DELIVERY
1843,SES-9842,7.4,14,3,5,1,2364.17,1,1,0,4,0,0,2,0,PRODUCT_INFORMATION
1844,SES-9843,11.4,10,2,1,0,0.0,1,1,0,8,0,0,4,0,DELIVERY
1845,SES-9844,32.5,9,6,4,2,4423.01,0,0,0,9,0,0,7,0,DELIVERY
1846,SES-9845,4.0,15,8,3,1,1470.13,0,0,0,13,0,0,5,1,DELIVERY
1847,SES-9846,2.4,13,3,4,2,5287.76,0,0,0,1,0,0,1,0,PRICE
1848,SES-9847,3.4,11,5,3,2,3425.54,0,0,0,2,0,0,3,0,PRICE
1849,SES-9848,25.0,12,6,4,0,0.0,0,0,0,3,0,0,1,0,DECISION_DIFFICULTY
1850,SES-9849,12.4,8,1,6,2,5168.99,1,2,1,5,1,1,3,1,PAYMENT
1851,SES-9850,4.7,12,2,2,1,2618.78,1,3,1,3,1,0,0,1,PAYMENT
1852,SES-9851,19.6,9,4,3,3,2495.43,1,1,0,4,0,0,1,0,PRICE
1853,SES-9852,22.7,12,11,6,3,8203.17,0,0,0,6,0,0,2,1,PRICE
1854,SES-9853,21.6,14,13,6,3,4409.76,1,3,1,3,0,1,3,1,PAYMENT
1855,SES-9854,28.6,7,0,3,0,0.0,0,0,0,3,1,0,6,0,SUPPORT
1856,SES-9855,4.2,9,5,6,4,5095.15,1,1,0,6,0,0,4,0,PRICE
1857,SES-9856,16.5,15,4,7,1,454.44,0,0,0,1,0,0,4,0,DECISION_DIFFICULTY
1858,SES-9857,7.8,14,6,1,3,6924.15,1,2,0,6,0,0,3,0,PAYMENT
1859,SES-9858,21.3,10,8,1,3,7577.84,0,0,0,5,0,0,4,1,PRICE
1860,SES-9859,15.3,11,10,3,2,1581.48,1,2,0,2,0,0,1,0,PAYMENT
1861,SES-9860,17.5,10,3,6,3,5188.66,1,1,0,3,0,0,0,0,PRODUCT_INFORMATION
1862,SES-9861,12.7,6,0,5,0,0.0,0,0,0,1,0,0,2,0,PRODUCT_INFORMATION
1863,SES-9862,3.1,9,5,3,1,1507.71,1,1,1,5,0,0,0,1,PAYMENT
1864,SES-9863,9.7,14,4,1,1,2292.08,0,0,0,4,1,0,5,1,SUPPORT
1865,SES-9864,47.0,5,1,2,4,7725.7,0,0,0,4,0,0,1,1,PRICE
1866,SES-9865,31.5,14,0,2,0,0.0,0,0,0,2,0,0,2,0,PRODUCT_INFORMATION
1867,SES-9866,1.5,14,7,4,2,5210.32,0,0,0,4,0,1,3,1,PRICE
1868,SES-9867,3.0,7,3,3,1,1400.38,0,0,0,9,1,0,1,1,DELIVERY
1869,SES-9868,2.6,4,3,1,1,2250.34,1,3,0,2,0,0,1,1,PAYMENT
1870,SES-9869,15.2,9,5,4,0,0.0,0,0,0,12,1,0,1,0,DELIVERY
1871,SES-9870,19.7,10,6,1,2,2907.15,1,1,0,7,0,0,2,0,DECISION_DIFFICULTY
1872,SES-9871,3.6,9,5,1,3,3944.45,1,1,0,3,0,0,2,0,PRICE
1873,SES-9872,8.8,7,1,3,3,7545.75,0,0,0,6,0,0,2,1,PRICE
1874,SES-9873,21.2,4,3,7,2,1782.75,1,1,1,2,0,0,3,1,PAYMENT
1875,SES-9874,15.5,13,12,5,1,1164.42,0,0,0,2,0,0,0,1,DECISION_DIFFICULTY
1876,SES-9875,9.6,10,6,3,3,8216.27,1,1,0,4,0,0,0,0,PRICE
1877,SES-9876,10.8,5,0,2,0,0.0,0,0,0,4,0,0,0,0,PRODUCT_INFORMATION
1878,SES-9877,8.8,16,13,3,1,2493.94,1,4,1,7,0,0,4,1,PAYMENT
1879,SES-9878,4.9,6,4,4,0,0.0,0,0,0,10,0,0,0,0,DELIVERY
1880,SES-9879,10.2,11,0,1,0,0.0,0,0,0,10,1,1,2,1,DELIVERY
1881,SES-9880,13.8,8,0,4,0,0.0,0,0,0,2,1,0,1,0,SUPPORT
1882,SES-9881,23.7,6,0,3,0,0.0,0,0,0,5,1,0,4,0,SUPPORT
1883,SES-9882,12.1,10,4,4,3,6175.96,1,1,0,5,0,0,4,0,PRICE
1884,SES-9883,16.7,9,1,4,2,5439.73,1,1,0,4,0,0,2,0,PRODUCT_INFORMATION
1885,SES-9884,2.9,17,16,4,1,2542.75,0,0,0,14,0,0,1,0,DELIVERY
1886,SES-9885,7.8,9,5,4,2,5529.33,1,0,0,4,1,0,3,1,SUPPORT
1887,SES-9886,1.1,7,3,3,0,0.0,0,0,0,5,1,0,2,0,SUPPORT
1888,SES-9887,4.1,9,5,2,3,1448.24,1,2,0,4,0,0,0,1,PAYMENT
1889,SES-9888,15.3,7,2,3,0,0.0,0,0,0,2,0,0,2,0,PRODUCT_INFORMATION
1890,SES-9889,53.9,13,2,3,3,5682.11,1,2,0,2,1,0,4,1,PAYMENT
1891,SES-9890,2.1,8,6,2,2,1376.69,0,0,0,6,1,0,4,0,SUPPORT
1892,SES-9891,6.6,12,0,1,0,0.0,0,0,0,7,0,0,3,0,PRICE
1893,SES-9892,18.7,11,4,3,0,0.0,0,0,0,4,0,0,1,0,DECISION_DIFFICULTY
1894,SES-9893,3.5,13,12,6,0,0.0,0,0,0,2,0,0,3,0,DECISION_DIFFICULTY
1895,SES-9894,9.9,9,2,2,2,2201.57,1,1,0,11,0,0,0,1,DELIVERY
1896,SES-9895,15.5,13,4,3,3,2797.0,1,3,0,4,0,1,2,1,PAYMENT
1897,SES-9896,11.5,12,10,4,2,5429.34,1,1,0,2,0,0,1,0,PRICE
1898,SES-9897,3.3,9,3,2,2,4649.96,0,0,0,3,0,0,2,0,PRICE
1899,SES-9898,5.8,12,5,0,1,2064.12,1,2,0,1,0,0,4,0,PAYMENT
1900,SES-9899,17.8,10,8,3,1,2676.11,1,1,1,6,0,0,4,0,PAYMENT
1901,SES-9900,9.9,7,1,1,1,888.41,1,1,0,6,0,0,3,0,PRODUCT_TRUST
1902,SES-9901,1.1,10,9,3,1,2458.26,1,1,0,5,0,0,2,0,PRICE
1903,SES-9902,16.7,16,7,2,2,3600.54,0,0,0,5,0,0,2,1,PRICE
1904,SES-9903,1.4,5,4,4,4,10557.27,1,0,0,4,0,0,3,0,PRICE
1905,SES-9904,16.1,10,1,5,0,0.0,0,0,0,11,0,0,0,0,DELIVERY
1906,SES-9905,3.5,12,3,4,2,4359.36,1,1,0,7,0,0,1,0,PRODUCT_INFORMATION
1907,SES-9906,35.9,9,8,5,2,1866.83,0,0,0,9,0,0,3,1,DELIVERY
1908,SES-9907,6.0,8,3,4,2,2455.98,0,0,0,3,0,0,1,0,PRODUCT_INFORMATION
1909,SES-9908,5.4,11,6,3,3,3376.6,1,1,0,12,0,0,3,0,DELIVERY
1910,SES-9909,2.8,7,2,0,1,2065.95,0,0,0,2,0,0,1,0,PRICE
1911,SES-9910,5.0,6,4,2,3,4160.45,1,1,0,2,0,0,5,0,PRICE
1912,SES-9911,24.0,9,1,5,0,0.0,0,0,0,3,0,0,1,0,PRODUCT_INFORMATION
1913,SES-9912,60.0,13,7,6,3,2730.59,1,2,0,3,0,0,1,1,PAYMENT
1914,SES-9913,6.1,10,9,2,1,2309.6,1,3,1,4,1,0,2,1,PAYMENT
1915,SES-9914,7.5,7,6,4,2,4703.57,1,0,0,4,0,0,2,1,PRICE
1916,SES-9915,15.1,8,1,3,2,3813.82,1,1,0,3,0,0,3,0,PRODUCT_INFORMATION
1917,SES-9916,24.9,9,1,3,2,1511.89,1,0,0,7,0,0,1,0,TECHNICAL
1918,SES-9917,10.9,16,2,3,2,2368.25,1,3,1,4,0,0,6,1,PAYMENT
1919,SES-9918,6.5,9,6,3,0,0.0,0,0,0,2,0,0,3,0,DECISION_DIFFICULTY
1920,SES-9919,6.9,8,4,5,0,0.0,0,0,0,2,0,0,1,0,DECISION_DIFFICULTY
1921,SES-9920,14.1,7,1,1,5,10841.19,1,1,0,4,1,0,4,0,SUPPORT
1922,SES-9921,1.0,8,2,4,0,0.0,0,0,0,9,0,0,2,0,DELIVERY
1923,SES-9922,11.6,17,15,1,4,1774.89,1,2,1,4,0,1,3,1,PAYMENT
1924,SES-9923,5.8,8,7,3,4,9914.36,1,0,0,2,0,0,4,1,PRICE
1925,SES-9924,18.4,8,3,1,4,5750.34,1,1,0,3,0,0,2,0,PRICE
1926,SES-9925,2.1,13,1,2,4,4315.71,1,1,0,1,0,0,4,0,PRICE
1927,SES-9926,10.8,5,2,1,0,0.0,0,0,0,7,0,0,1,0,SUPPORT
1928,SES-9927,8.2,11,5,3,2,5018.46,0,0,0,10,0,1,0,1,DELIVERY
1929,SES-9928,12.3,10,9,2,1,2154.49,1,1,0,2,0,0,4,0,DECISION_DIFFICULTY
1930,SES-9929,1.7,11,0,1,0,0.0,0,0,0,3,0,0,7,0,PAYMENT
1931,SES-9930,10.5,11,7,2,0,0.0,0,0,0,3,0,0,2,0,DECISION_DIFFICULTY
1932,SES-9931,10.1,7,4,2,2,4221.44,0,0,0,7,0,0,5,0,PRICE
1933,SES-9932,10.0,14,4,6,3,1613.71,1,1,0,7,0,0,2,0,DECISION_DIFFICULTY
1934,SES-9933,11.2,15,13,4,1,1338.53,1,1,0,4,1,0,2,1,SUPPORT
1935,SES-9934,13.4,11,1,1,2,4442.27,1,1,0,11,1,1,1,1,DELIVERY
1936,SES-9935,19.0,13,6,1,1,1804.17,1,1,0,3,0,0,4,0,DECISION_DIFFICULTY
1937,SES-9936,4.5,8,4,2,3,6483.74,1,1,0,4,0,0,2,0,PRICE
1938,SES-9937,20.2,6,4,5,1,1775.0,0,0,0,14,0,0,6,1,DELIVERY
1939,SES-9938,8.6,6,0,1,0,0.0,0,0,0,7,0,0,6,0,PRICE
1940,SES-9939,1.9,15,4,3,1,1559.72,1,2,1,4,1,0,1,1,PAYMENT
1941,SES-9940,1.7,12,2,6,2,4510.7,0,0,0,2,0,0,3,1,PRICE
1942,SES-9941,5.5,10,1,3,3,2858.81,1,1,0,9,0,0,1,1,DELIVERY
1943,SES-9942,17.9,10,4,7,3,8133.75,0,0,0,5,0,0,3,0,PRICE
1944,SES-9943,14.5,4,1,1,4,3547.49,1,2,1,3,1,0,1,1,PAYMENT
1945,SES-9944,18.1,6,4,7,5,2170.48,1,1,0,4,0,0,2,0,PRICE
1946,SES-9945,9.0,7,1,6,2,4534.74,0,0,0,3,0,0,4,0,PRICE
1947,SES-9946,7.4,13,4,2,3,7884.5,1,2,1,5,1,1,7,1,PAYMENT
1948,SES-9947,2.8,12,5,2,1,991.94,0,0,0,3,0,1,2,1,DECISION_DIFFICULTY
1949,SES-9948,5.4,6,1,1,2,1544.27,1,1,0,4,0,0,0,0,PRODUCT_TRUST
1950,SES-9949,7.3,13,4,2,1,937.43,1,1,1,4,0,0,2,1,PAYMENT
1951,SES-9950,2.0,8,6,2,1,1906.87,0,0,0,5,0,0,2,0,DECISION_DIFFICULTY
1952,SES-9951,3.7,14,0,2,0,0.0,0,0,0,1,0,0,4,0,PRODUCT_INFORMATION
1953,SES-9952,11.0,8,2,0,4,7564.93,1,0,0,5,0,0,2,0,PRICE
1954,SES-9953,15.6,9,2,3,5,2092.81,1,1,0,5,0,1,4,1,PRODUCT_INFORMATION
1955,SES-9954,60.0,10,2,3,1,776.77,1,1,0,4,0,1,2,0,PRODUCT_INFORMATION
1956,SES-9955,30.8,10,2,3,2,1967.54,1,3,0,3,1,1,1,1,PAYMENT
1957,SES-9956,12.3,6,0,4,0,0.0,0,0,0,7,0,1,1,0,PRODUCT_TRUST
1958,SES-9957,7.0,11,5,4,2,3721.99,0,0,0,4,0,0,1,0,PRICE
1959,SES-9958,12.1,2,1,5,3,5692.09,0,0,0,3,0,0,1,1,PRICE
1960,SES-9959,17.9,16,0,2,0,0.0,0,0,0,4,1,0,1,1,SUPPORT
1961,SES-9960,2.4,16,15,2,0,0.0,0,0,0,3,0,0,2,0,DECISION_DIFFICULTY
1962,SES-9961,6.8,12,0,2,0,0.0,0,0,0,7,1,0,2,0,SUPPORT
1963,SES-9962,21.1,12,2,3,0,0.0,0,0,0,5,0,0,0,1,PRODUCT_INFORMATION
1964,SES-9963,6.3,14,7,3,2,4375.82,0,0,0,6,0,0,2,0,PRICE
1965,SES-9964,10.3,12,5,1,4,7438.59,0,0,0,6,0,0,2,1,PRICE
1966,SES-9965,10.7,14,3,1,1,2314.33,1,3,1,6,1,1,2,1,PAYMENT
1967,SES-9966,3.2,8,4,8,1,2663.16,0,0,0,8,0,0,1,0,DELIVERY
1968,SES-9967,5.9,12,9,4,5,9261.24,0,0,0,9,0,1,3,1,SUPPORT
1969,SES-9968,5.5,12,2,0,1,834.42,1,3,1,4,1,1,0,1,PAYMENT
1970,SES-9969,1.3,13,10,5,4,8994.56,1,1,0,4,0,0,5,0,PRICE
1971,SES-9970,1.3,14,10,2,0,0.0,0,0,0,2,0,0,0,0,DECISION_DIFFICULTY
1972,SES-9971,20.6,7,5,0,1,2640.65,1,1,0,10,1,1,3,1,DELIVERY
1973,SES-9972,4.5,14,5,2,1,1053.12,1,2,0,5,0,0,3,0,DECISION_DIFFICULTY
1974,SES-9973,9.0,11,5,6,4,10912.35,1,3,1,6,0,0,4,1,PAYMENT
1975,SES-9974,4.9,10,8,3,2,3448.77,0,0,0,4,0,0,2,0,PRICE
1976,SES-9975,32.1,16,13,0,2,5427.19,1,1,0,4,0,0,2,1,PRODUCT_TRUST
1977,SES-9976,4.3,10,9,0,1,2281.69,0,0,0,5,0,0,3,1,PRICE
1978,SES-9977,7.2,9,7,1,0,0.0,0,0,0,7,0,0,4,0,DECISION_DIFFICULTY
1979,SES-9978,23.7,14,5,1,0,0.0,0,0,0,5,1,1,6,0,SUPPORT
1980,SES-9979,21.3,8,1,3,2,1853.28,1,1,0,7,1,1,4,1,SUPPORT
1981,SES-9980,3.3,6,3,7,1,1897.8,1,2,1,3,1,1,6,1,PRICE
1982,SES-9981,18.9,11,5,6,0,0.0,0,0,0,3,0,0,3,0,DECISION_DIFFICULTY
1983,SES-9982,7.7,13,8,3,4,11064.59,1,1,0,3,0,0,0,0,PRICE
1984,SES-9983,8.3,12,10,2,2,3178.39,0,0,0,1,0,0,3,1,PRICE
1985,SES-9984,2.6,10,1,3,2,1330.28,0,0,0,3,0,0,3,0,PRODUCT_INFORMATION
1986,SES-9985,1.9,7,6,3,0,0.0,0,0,0,2,0,0,2,0,DECISION_DIFFICULTY
1987,SES-9986,15.3,10,5,4,5,8421.0,1,2,1,4,0,0,3,1,PAYMENT
1988,SES-9987,8.5,17,13,3,3,1234.05,0,0,0,2,0,0,1,0,DECISION_DIFFICULTY
1989,SES-9988,7.3,10,7,2,3,2967.52,0,0,0,4,0,0,8,0,PRICE
1990,SES-9989,15.4,12,8,3,2,806.43,1,1,0,14,1,0,4,0,DELIVERY
1991,SES-9990,17.0,12,4,4,1,1746.4,1,2,0,4,1,0,1,1,PAYMENT
1992,SES-9991,2.9,9,8,4,3,3303.36,1,1,0,10,1,0,7,0,DELIVERY
1993,SES-9992,11.4,16,8,2,3,2447.09,0,0,0,6,0,0,1,1,PRICE
1994,SES-9993,2.6,6,4,4,3,7237.8,1,2,1,9,1,0,2,1,PAYMENT
1995,SES-9994,16.3,15,14,5,2,944.08,1,1,0,5,0,0,5,0,DECISION_DIFFICULTY
1996,SES-9995,12.8,11,10,3,2,4120.2,1,2,1,7,1,1,2,1,PAYMENT
1997,SES-9996,35.5,11,6,6,2,3550.4,1,2,0,3,0,0,2,1,PAYMENT
1998,SES-9997,1.8,3,1,3,1,2251.73,1,1,0,4,0,0,1,0,PRODUCT_INFORMATION
1999,SES-9998,1.6,7,3,6,1,717.43,1,4,1,11,0,1,5,1,PAYMENT
2000,SES-9999,4.6,8,4,1,0,0.0,0,0,0,3,0,0,3,0,DECISION_DIFFICULTY
2001,SES-10000,4.3,10,7,4,4,4687.66,1,0,0,4,0,0,0,0,PRICE
2002,SES-10001,4.1,9,1,5,0,0.0,0,0,0,5,0,0,2,0,PRODUCT_INFORMATION
2003,SES-10002,27.0,8,5,4,1,1976.02,1,1,0,4,1,0,3,0,SUPPORT
2004,SES-10003,4.2,11,6,4,2,4924.89,1,3,1,1,0,0,5,1,SUPPORT
2005,SES-10004,4.5,13,4,2,2,2497.72,0,0,0,7,0,1,3,1,PRICE
2006,SES-10005,16.7,15,3,2,3,4998.53,1,2,0,3,0,0,1,0,PAYMENT
2007,SES-10006,7.6,12,9,4,0,0.0,0,0,0,3,0,0,6,0,DECISION_DIFFICULTY
2008,SES-10007,17.5,18,15,1,1,501.92,1,1,0,4,0,0,1,0,DECISION_DIFFICULTY
2009,SES-10008,1.7,13,5,1,2,4415.02,0,0,0,1,0,0,1,0,PRICE
2010,SES-10009,8.4,11,4,3,0,0.0,0,0,0,8,0,0,2,0,DELIVERY
2011,SES-10010,1.4,14,5,4,2,2816.37,1,3,1,3,1,0,0,1,PAYMENT
2012,SES-10011,1.7,17,8,4,4,2986.58,1,1,0,10,0,1,1,1,DELIVERY
2013,SES-10012,27.1,11,0,1,0,0.0,0,0,0,5,0,0,2,0,TECHNICAL
2014,SES-10013,2.6,9,0,2,0,0.0,0,0,0,5,0,0,6,1,PRODUCT_INFORMATION
2015,SES-10014,9.4,12,5,5,1,1853.97,0,0,0,7,0,0,3,1,DECISION_DIFFICULTY
2016,SES-10015,6.8,14,1,1,0,0.0,0,0,0,14,1,1,2,1,DELIVERY
2017,SES-10016,5.7,11,7,5,6,10366.2,1,1,0,3,0,0,0,0,PRICE
2018,SES-10017,26.3,10,6,2,1,1184.48,1,4,1,4,0,0,5,0,PAYMENT
2019,SES-10018,1.2,11,5,3,2,913.09,1,4,1,4,0,0,1,1,PAYMENT
2020,SES-10019,13.0,8,7,1,1,2592.74,1,1,0,4,0,0,2,0,DECISION_DIFFICULTY
2021,SES-10020,37.4,5,3,6,2,4613.39,1,1,0,5,0,0,3,0,PRODUCT_INFORMATION
2022,SES-10021,10.0,9,8,2,0,0.0,0,0,0,5,0,0,1,0,DECISION_DIFFICULTY
2023,SES-10022,31.4,12,6,3,1,2038.71,1,1,0,7,0,1,1,1,PRODUCT_TRUST
2024,SES-10023,1.6,13,6,3,2,2958.75,1,3,1,4,0,0,3,1,PAYMENT
2025,SES-10024,7.0,15,14,1,0,0.0,1,3,1,1,0,0,2,1,PAYMENT
2026,SES-10025,4.3,13,4,1,3,2673.27,0,0,0,8,0,0,3,0,DELIVERY
2027,SES-10026,15.4,7,0,2,0,0.0,0,0,0,5,0,0,4,0,PRODUCT_INFORMATION
2028,SES-10027,44.8,10,1,4,0,0.0,0,0,0,3,0,0,3,0,PRODUCT_INFORMATION
2029,SES-10028,4.3,6,2,3,2,3072.62,1,1,0,1,0,0,3,1,PRODUCT_INFORMATION
2030,SES-10029,12.7,6,4,3,0,0.0,0,0,0,3,0,0,3,0,DECISION_DIFFICULTY
2031,SES-10030,3.4,12,1,2,2,2031.66,1,3,1,2,0,1,1,1,PAYMENT
2032,SES-10031,10.2,16,11,1,0,0.0,0,0,0,9,1,1,1,1,DELIVERY
2033,SES-10032,7.9,9,4,4,4,7809.72,0,0,0,3,0,0,0,1,PRICE
2034,SES-10033,40.3,9,7,1,2,1855.6,0,0,0,6,0,0,0,1,DECISION_DIFFICULTY
2035,SES-10034,11.3,13,3,2,2,1601.6,1,1,0,5,0,0,1,0,PRODUCT_INFORMATION
2036,SES-10035,5.7,10,2,5,2,1615.86,0,0,0,6,0,1,2,0,PRODUCT_INFORMATION
2037,SES-10036,2.3,9,4,4,4,10949.01,1,1,0,4,0,0,3,0,PRICE
2038,SES-10037,2.8,12,6,5,0,0.0,0,0,0,6,0,0,4,0,DECISION_DIFFICULTY
2039,SES-10038,3.8,9,1,4,0,0.0,0,0,0,4,0,0,2,0,PRODUCT_INFORMATION
2040,SES-10039,4.2,14,0,2,0,0.0,0,0,0,4,0,0,6,0,PRODUCT_INFORMATION
2041,SES-10040,21.9,10,4,3,5,6131.54,0,0,0,8,0,1,0,1,DELIVERY
2042,SES-10041,10.1,9,6,4,1,1876.76,0,0,0,4,0,0,2,0,DECISION_DIFFICULTY
2043,SES-10042,9.2,17,12,1,1,589.79,0,0,0,5,0,0,6,0,DECISION_DIFFICULTY
2044,SES-10043,2.3,11,7,3,3,2347.93,1,1,0,4,0,0,2,0,PRICE
2045,SES-10044,22.6,12,10,2,3,8230.46,0,0,0,6,0,0,9,0,PRICE
2046,SES-10045,15.1,14,7,0,1,1882.7,1,1,0,4,0,0,4,1,DECISION_DIFFICULTY
2047,SES-10046,1.8,12,9,1,3,2205.72,0,0,0,4,0,0,0,0,PRICE
2048,SES-10047,14.5,11,8,3,2,3440.47,1,4,1,3,0,0,6,1,PAYMENT
2049,SES-10048,9.6,10,0,3,0,0.0,0,0,0,9,0,0,2,0,DELIVERY
2050,SES-10049,1.9,7,6,3,2,5473.36,1,1,0,8,0,0,5,1,DELIVERY
2051,SES-10050,7.7,8,1,2,0,0.0,0,0,0,4,1,0,5,0,SUPPORT
2052,SES-10051,8.3,14,7,9,3,2225.1,1,1,0,5,0,0,4,1,PRICE
2053,SES-10052,3.0,6,5,4,0,0.0,0,0,0,4,0,0,3,0,DECISION_DIFFICULTY
2054,SES-10053,33.0,9,3,2,1,729.54,0,0,0,3,0,0,1,0,PRODUCT_INFORMATION
2055,SES-10054,21.9,13,6,2,0,0.0,0,0,0,4,0,0,3,0,PAYMENT
2056,SES-10055,13.2,9,2,6,4,9781.44,0,0,0,8,0,0,4,0,DELIVERY
2057,SES-10056,7.8,6,1,5,1,1229.75,1,1,0,7,0,0,3,0,PRODUCT_INFORMATION
2058,SES-10057,6.8,8,5,4,0,0.0,0,0,0,2,1,0,1,0,SUPPORT
2059,SES-10058,12.6,13,1,3,0,0.0,0,0,0,2,0,0,5,0,PRODUCT_INFORMATION
2060,SES-10059,9.7,9,5,3,2,3902.44,1,2,1,8,1,1,2,1,PAYMENT
2061,SES-10060,1.7,8,1,1,1,669.09,1,1,0,9,0,0,2,0,DELIVERY
2062,SES-10061,8.9,16,2,3,2,2369.43,0,0,0,3,0,0,0,0,PRODUCT_INFORMATION
2063,SES-10062,19.1,8,5,3,1,2418.84,0,0,0,4,0,0,2,1,PRICE
2064,SES-10063,7.8,10,1,4,2,1519.61,1,1,0,3,0,1,3,0,PRODUCT_INFORMATION
2065,SES-10064,1.6,11,7,3,3,7249.22,1,1,0,2,0,0,4,0,PRICE
2066,SES-10065,18.0,11,3,6,3,5740.12,1,1,0,6,0,0,2,1,PRODUCT_INFORMATION
2067,SES-10066,3.5,5,3,4,4,2954.02,0,0,0,4,0,0,3,0,TECHNICAL
2068,SES-10067,4.3,12,3,4,2,1608.76,1,0,0,7,0,0,4,0,PRODUCT_INFORMATION
2069,SES-10068,3.0,16,6,5,4,7966.85,1,1,0,8,0,1,4,0,PAYMENT
2070,SES-10069,5.4,15,7,1,3,6450.03,0,0,0,9,0,1,2,1,DELIVERY
2071,SES-10070,16.6,12,11,5,1,1973.76,0,0,0,7,0,0,4,0,DECISION_DIFFICULTY
2072,SES-10071,9.1,5,4,1,3,6341.17,1,1,0,6,0,1,2,1,PRICE
2073,SES-10072,3.5,8,0,5,0,0.0,0,0,0,4,0,0,3,0,PRODUCT_INFORMATION
2074,SES-10073,24.1,13,9,3,4,1613.78,1,1,0,1,0,0,1,0,DECISION_DIFFICULTY
2075,SES-10074,24.3,9,7,0,3,5008.08,0,0,0,2,0,0,1,0,PRICE
2076,SES-10075,23.5,9,3,2,1,1826.84,1,1,0,4,0,0,5,0,PRODUCT_INFORMATION
2077,SES-10076,4.0,8,1,2,1,2050.37,1,1,0,4,1,0,0,0,SUPPORT
2078,SES-10077,7.6,16,9,1,1,955.15,1,1,0,7,0,0,4,0,DECISION_DIFFICULTY
2079,SES-10078,47.2,7,4,1,1,808.56,1,1,0,5,0,0,4,0,DECISION_DIFFICULTY
2080,SES-10079,17.3,9,6,3,2,4785.47,1,3,1,2,1,0,3,1,PAYMENT
2081,SES-10080,1.3,8,1,4,0,0.0,0,0,0,4,0,0,0,0,PRODUCT_INFORMATION
2082,SES-10081,1.7,11,3,1,0,0.0,0,0,0,7,0,0,3,0,PRICE
2083,SES-10082,7.9,11,5,2,0,0.0,0,0,0,8,0,0,3,0,DELIVERY
2084,SES-10083,27.4,10,7,1,1,541.64,1,1,0,2,0,0,3,0,DECISION_DIFFICULTY
2085,SES-10084,9.5,7,1,2,1,1542.12,1,1,0,2,0,0,1,0,PRODUCT_INFORMATION
2086,SES-10085,8.6,11,5,4,1,1551.39,0,0,0,4,0,0,3,0,DECISION_DIFFICULTY
2087,SES-10086,2.2,15,5,0,0,0.0,0,0,0,2,0,0,4,0,DECISION_DIFFICULTY
2088,SES-10087,12.8,12,5,3,1,1780.15,1,1,0,6,0,0,1,0,DECISION_DIFFICULTY
2089,SES-10088,20.0,5,3,4,2,2051.93,1,2,0,4,0,0,0,0,PAYMENT
2090,SES-10089,6.3,10,2,2,4,2743.6,0,0,0,3,0,0,5,0,PRICE
2091,SES-10090,17.4,5,0,4,0,0.0,0,0,0,2,0,0,3,1,PRODUCT_INFORMATION
2092,SES-10091,37.7,9,1,3,4,4310.52,1,2,1,10,0,1,3,1,PAYMENT
2093,SES-10092,3.5,12,1,1,0,0.0,0,0,0,1,0,0,3,0,PAYMENT
2094,SES-10093,9.2,12,9,1,3,1309.51,0,0,0,2,0,0,1,1,DECISION_DIFFICULTY
2095,SES-10094,4.7,16,6,2,1,1278.93,1,2,1,3,0,1,2,1,PAYMENT
2096,SES-10095,18.3,10,5,2,3,7431.05,1,2,1,2,0,1,2,1,PAYMENT
2097,SES-10096,10.5,7,6,3,2,3920.56,1,1,1,5,0,1,2,1,PAYMENT
2098,SES-10097,12.1,14,7,2,2,4964.05,1,1,0,3,0,0,1,1,DECISION_DIFFICULTY
2099,SES-10098,18.6,11,8,3,2,4354.28,1,1,0,4,0,0,4,0,DECISION_DIFFICULTY
2100,SES-10099,6.5,10,4,7,1,2127.32,0,0,0,8,1,0,3,1,DELIVERY
2101,SES-10100,28.1,7,2,5,0,0.0,0,0,0,7,1,0,0,0,SUPPORT
2102,SES-10101,9.4,15,2,2,0,0.0,0,0,0,2,0,0,4,0,PRODUCT_INFORMATION
2103,SES-10102,2.9,14,3,3,3,4223.99,0,0,0,2,1,0,1,1,SUPPORT
2104,SES-10103,14.1,7,5,6,5,13524.97,0,0,0,5,0,0,3,1,PRICE
2105,SES-10104,18.3,10,7,5,2,1650.38,1,1,0,3,0,0,1,0,DECISION_DIFFICULTY
2106,SES-10105,5.2,6,2,5,1,1968.95,1,1,0,6,0,0,4,0,PRODUCT_INFORMATION
2107,SES-10106,22.4,6,1,2,3,6889.39,1,2,0,4,0,0,1,0,PAYMENT
2108,SES-10107,27.0,16,6,1,0,0.0,0,0,0,2,1,1,5,0,SUPPORT
2109,SES-10108,4.6,15,13,4,4,9969.26,1,2,1,12,0,0,2,1,PAYMENT
2110,SES-10109,46.2,14,3,1,1,2023.79,1,4,1,2,0,1,6,1,PAYMENT
2111,SES-10110,2.7,10,7,6,0,0.0,1,1,0,2,0,0,1,0,DECISION_DIFFICULTY
2112,SES-10111,3.5,5,0,1,0,0.0,0,0,0,7,0,0,1,0,PRODUCT_TRUST
2113,SES-10112,3.2,12,7,1,2,1874.89,1,3,0,4,0,0,4,0,PAYMENT
2114,SES-10113,25.7,13,4,3,1,2700.69,1,2,0,10,0,0,1,1,PAYMENT
2115,SES-10114,12.7,15,11,2,3,8224.08,0,0,0,2,0,0,1,0,PRICE
2116,SES-10115,2.8,5,1,4,1,1419.05,0,0,0,2,0,0,2,0,PRODUCT_INFORMATION
2117,SES-10116,7.4,13,0,4,0,0.0,0,0,0,1,1,0,3,1,SUPPORT
2118,SES-10117,11.5,11,5,3,0,0.0,0,0,0,3,0,0,3,0,DECISION_DIFFICULTY
2119,SES-10118,2.0,10,8,2,1,1507.39,1,2,1,5,1,1,4,1,PAYMENT
2120,SES-10119,24.5,9,8,2,1,2421.2,0,0,0,6,0,1,2,0,DECISION_DIFFICULTY
2121,SES-10120,18.9,13,8,6,4,5734.67,0,0,0,4,0,0,3,0,PRICE
2122,SES-10121,8.7,11,10,3,2,5035.29,1,2,1,3,1,0,1,1,PAYMENT
2123,SES-10122,38.6,11,3,8,0,0.0,0,0,0,6,0,0,2,0,PRODUCT_INFORMATION
2124,SES-10123,6.9,10,5,0,1,2716.94,0,0,0,3,1,1,2,1,SUPPORT
2125,SES-10124,46.6,13,11,1,1,2018.94,0,0,0,6,0,0,5,0,DECISION_DIFFICULTY
2126,SES-10125,13.1,10,9,5,3,4167.67,0,0,0,6,0,0,1,1,PRICE
2127,SES-10126,12.1,5,4,4,1,2603.15,1,1,0,4,0,0,7,0,PRICE
2128,SES-10127,3.0,11,1,5,1,951.51,1,1,0,3,1,1,5,1,SUPPORT
2129,SES-10128,24.5,11,6,3,1,2715.89,1,1,0,5,0,0,4,0,DECISION_DIFFICULTY
2130,SES-10129,7.1,11,0,2,0,0.0,0,0,0,8,0,0,6,0,DELIVERY
2131,SES-10130,2.9,12,5,9,3,5814.77,1,1,1,4,0,1,4,1,PAYMENT
2132,SES-10131,1.1,10,4,3,0,0.0,0,0,0,4,0,0,4,0,DECISION_DIFFICULTY
2133,SES-10132,10.0,14,4,4,4,3558.15,1,3,1,12,1,1,5,1,PAYMENT
2134,SES-10133,9.2,7,0,4,0,0.0,0,0,0,4,0,0,3,0,PRODUCT_INFORMATION
2135,SES-10134,15.0,11,6,6,4,3119.42,0,0,0,1,0,0,4,0,DECISION_DIFFICULTY
2136,SES-10135,25.3,13,9,5,1,2773.18,1,1,1,4,0,1,0,1,PAYMENT
2137,SES-10136,1.9,7,4,5,2,4510.46,0,0,0,4,0,0,4,0,PRICE
2138,SES-10137,15.5,11,7,6,2,4884.1,1,1,0,3,0,0,0,0,DECISION_DIFFICULTY
2139,SES-10138,3.3,12,1,2,1,2749.77,1,2,1,3,1,1,3,1,PAYMENT
2140,SES-10139,22.5,13,1,2,0,0.0,0,0,0,10,0,0,3,0,DELIVERY
2141,SES-10140,19.8,10,7,3,3,3119.51,1,2,0,2,0,0,4,0,PAYMENT
2142,SES-10141,9.6,9,5,5,2,4433.38,1,1,0,6,0,0,4,0,PRICE
2143,SES-10142,14.6,9,7,4,1,1802.35,1,1,0,9,0,1,4,0,DELIVERY
2144,SES-10143,5.2,6,5,3,2,2084.0,1,4,1,3,1,1,2,1,PAYMENT
2145,SES-10144,8.0,8,0,5,0,0.0,0,0,0,2,0,1,1,1,PRODUCT_TRUST
2146,SES-10145,20.0,16,8,1,3,5576.65,1,3,1,3,1,0,1,1,PAYMENT
2147,SES-10146,7.8,7,2,3,2,2698.18,0,0,0,4,0,0,1,1,PRODUCT_INFORMATION
2148,SES-10147,5.9,13,5,1,2,1928.63,1,2,1,11,1,0,3,1,PAYMENT
2149,SES-10148,8.5,10,7,3,3,4295.45,1,2,1,4,0,0,1,1,PAYMENT
2150,SES-10149,20.4,11,1,2,1,960.64,1,4,1,2,0,1,4,1,PAYMENT
2151,SES-10150,5.5,9,7,1,2,5000.53,0,0,0,2,0,0,3,1,PRICE
2152,SES-10151,3.1,8,2,2,2,4131.55,1,1,0,4,0,0,3,1,PRICE
2153,SES-10152,14.7,10,0,9,0,0.0,0,0,0,3,0,1,2,0,PRODUCT_INFORMATION
2154,SES-10153,20.2,8,6,1,0,0.0,0,0,0,2,0,0,2,0,DECISION_DIFFICULTY
2155,SES-10154,2.2,10,0,4,0,0.0,0,0,0,3,0,0,2,0,PRODUCT_INFORMATION
2156,SES-10155,4.0,7,5,1,2,3557.45,1,2,1,2,0,1,4,1,PAYMENT
2157,SES-10156,2.7,8,2,1,2,3256.99,1,2,1,3,1,1,0,1,DECISION_DIFFICULTY
2158,SES-10157,5.7,10,0,4,0,0.0,0,0,0,14,0,0,3,0,DELIVERY
2159,SES-10158,7.6,6,0,3,0,0.0,0,0,0,4,0,0,5,0,PRODUCT_INFORMATION
2160,SES-10159,16.2,8,3,4,1,586.11,0,0,0,5,0,0,3,1,PRODUCT_INFORMATION
2161,SES-10160,12.6,10,3,3,2,1618.65,1,1,0,2,0,0,0,1,PRODUCT_INFORMATION
2162,SES-10161,11.7,9,5,1,0,0.0,0,0,0,7,0,0,3,0,DECISION_DIFFICULTY
2163,SES-10162,5.8,7,3,3,3,3379.17,1,3,1,3,0,0,2,1,PAYMENT
2164,SES-10163,21.3,13,9,3,5,3067.47,1,1,0,13,0,1,4,1,DELIVERY
2165,SES-10164,8.0,8,3,2,0,0.0,0,0,0,7,0,0,3,0,PRODUCT_INFORMATION
2166,SES-10165,43.6,12,2,3,0,0.0,0,0,0,11,1,1,2,1,DELIVERY
2167,SES-10166,12.1,6,1,1,2,3574.77,1,1,0,5,0,0,3,0,PRICE
2168,SES-10167,2.5,9,5,7,2,5194.94,0,0,0,5,1,1,2,1,SUPPORT
2169,SES-10168,13.4,12,6,2,1,2438.66,0,0,0,7,0,0,3,0,DECISION_DIFFICULTY
2170,SES-10169,5.3,13,10,4,5,8632.55,1,1,1,6,1,1,5,1,PAYMENT
2171,SES-10170,13.8,11,0,2,0,0.0,0,0,0,5,0,1,0,0,PRODUCT_TRUST
2172,SES-10171,1.8,11,5,2,3,3570.54,0,0,0,4,0,0,5,0,PRICE
2173,SES-10172,3.1,11,9,5,3,5781.25,1,1,0,3,0,0,2,1,PRICE
2174,SES-10173,22.3,12,0,4,0,0.0,0,0,0,6,0,0,0,0,PRODUCT_INFORMATION
2175,SES-10174,3.8,11,6,1,4,9278.78,1,1,0,4,0,0,4,0,PRICE
2176,SES-10175,21.0,15,14,1,2,2597.78,0,0,0,2,0,0,0,1,DECISION_DIFFICULTY
2177,SES-10176,4.6,10,9,3,2,5275.36,0,0,0,4,0,0,1,0,PRICE
2178,SES-10177,12.3,8,4,5,3,7140.98,1,4,1,5,0,0,3,1,PAYMENT
2179,SES-10178,14.0,8,1,2,4,1957.32,1,1,0,1,0,0,5,0,PRODUCT_INFORMATION
2180,SES-10179,8.9,10,3,5,4,8761.65,1,0,0,6,0,0,1,0,PRICE
2181,SES-10180,5.0,12,0,2,0,0.0,0,0,0,3,0,0,2,0,PRODUCT_INFORMATION
2182,SES-10181,3.6,10,8,3,2,2324.99,1,1,0,3,0,0,1,0,PRODUCT_INFORMATION
2183,SES-10182,1.4,9,6,2,1,1060.81,1,3,1,5,1,1,1,1,PAYMENT
2184,SES-10183,5.0,9,1,6,2,3872.32,1,1,0,3,0,0,3,0,PRODUCT_INFORMATION
2185,SES-10184,12.6,16,3,3,1,664.29,1,1,1,4,1,0,3,1,PAYMENT
2186,SES-10185,31.6,7,3,3,0,0.0,0,0,0,4,0,1,5,0,PRODUCT_INFORMATION
2187,SES-10186,23.5,12,7,5,2,1887.58,1,1,0,10,1,0,1,1,DELIVERY
2188,SES-10187,17.0,7,1,0,2,2967.35,1,1,0,3,0,0,0,0,PRICE
2189,SES-10188,18.1,9,4,1,2,5081.46,0,0,0,4,0,0,2,0,PRICE
2190,SES-10189,13.0,13,9,2,0,0.0,0,0,0,6,0,0,2,0,DECISION_DIFFICULTY
2191,SES-10190,4.3,7,5,2,1,659.18,1,4,1,3,1,0,3,1,PAYMENT
2192,SES-10191,27.1,17,4,1,1,2227.32,1,3,1,2,0,1,0,1,PAYMENT
2193,SES-10192,13.2,13,1,2,2,2776.21,1,2,0,1,0,0,2,0,PAYMENT
2194,SES-10193,10.0,7,4,0,1,2786.66,1,2,0,2,0,0,3,0,PAYMENT
2195,SES-10194,2.3,5,2,4,2,2238.73,1,1,0,3,0,0,4,1,PAYMENT
2196,SES-10195,7.5,8,7,3,0,0.0,0,0,0,4,0,0,5,0,DECISION_DIFFICULTY
2197,SES-10196,7.8,6,3,1,5,6094.13,0,0,0,5,1,0,2,1,SUPPORT
2198,SES-10197,23.0,12,2,0,1,1806.86,1,1,0,3,0,0,1,0,TECHNICAL
2199,SES-10198,9.7,13,6,1,1,1038.1,1,1,0,3,0,0,6,0,DECISION_DIFFICULTY
2200,SES-10199,6.3,9,2,1,4,10361.41,1,1,0,6,0,0,4,0,PRICE
2201,SES-10200,42.4,13,3,1,1,1880.77,1,1,0,9,0,0,4,0,DELIVERY
2202,SES-10201,2.3,10,6,1,0,0.0,0,0,0,2,0,0,2,0,DECISION_DIFFICULTY
2203,SES-10202,7.0,13,2,6,1,2033.24,0,0,0,4,0,0,1,0,PRICE
2204,SES-10203,1.5,10,9,5,6,5076.02,0,0,0,3,0,0,4,1,PRICE
2205,SES-10204,15.8,11,9,3,2,874.01,1,4,1,4,1,0,3,0,PAYMENT
2206,SES-10205,28.5,6,4,3,1,1378.19,0,0,0,2,0,0,1,0,DECISION_DIFFICULTY
2207,SES-10206,4.6,14,1,4,3,8353.28,0,0,0,3,0,0,1,1,PRICE
2208,SES-10207,22.5,9,6,2,1,2504.63,0,0,0,6,0,0,2,1,DECISION_DIFFICULTY
2209,SES-10208,4.8,6,4,6,0,0.0,0,0,0,7,0,0,2,0,DECISION_DIFFICULTY
2210,SES-10209,27.6,11,0,6,0,0.0,0,0,0,5,0,0,1,0,PRODUCT_INFORMATION
2211,SES-10210,16.4,15,11,1,0,0.0,0,0,0,10,1,0,1,1,DELIVERY
2212,SES-10211,19.0,8,1,2,3,1309.26,1,1,0,5,0,0,2,0,PRODUCT_INFORMATION
2213,SES-10212,1.2,7,4,4,2,4825.39,1,3,1,6,0,0,0,1,PAYMENT
2214,SES-10213,37.2,8,7,2,0,0.0,0,0,0,4,0,0,3,0,DECISION_DIFFICULTY
2215,SES-10214,15.3,8,2,2,2,1168.15,0,0,0,2,0,0,0,0,PRODUCT_INFORMATION
2216,SES-10215,5.0,9,6,2,0,0.0,0,0,0,5,0,0,2,0,DECISION_DIFFICULTY
2217,SES-10216,20.5,8,5,3,3,1208.46,1,4,1,9,0,0,4,1,PAYMENT
2218,SES-10217,4.6,12,9,3,4,8711.85,1,2,1,13,1,1,3,1,PAYMENT
2219,SES-10218,23.7,14,11,4,5,4307.98,1,1,0,4,0,0,4,0,DECISION_DIFFICULTY
2220,SES-10219,2.3,11,5,0,2,2342.69,1,2,1,4,0,1,4,1,PAYMENT
2221,SES-10220,14.4,16,12,2,4,3248.3,1,1,0,3,0,0,1,0,DECISION_DIFFICULTY
2222,SES-10221,9.6,8,6,2,2,4530.31,1,1,0,5,0,0,3,0,PRICE
2223,SES-10222,2.1,10,7,2,1,1563.45,1,1,0,6,0,0,1,0,DECISION_DIFFICULTY
2224,SES-10223,4.0,7,4,1,3,2393.97,1,0,0,1,0,0,2,0,PRICE
2225,SES-10224,1.1,10,3,6,3,1477.43,1,1,0,7,0,1,0,1,PRODUCT_TRUST
2226,SES-10225,8.0,11,3,5,0,0.0,0,0,0,4,0,0,1,0,PRODUCT_INFORMATION
2227,SES-10226,4.9,9,2,3,3,6343.45,1,2,1,5,1,0,4,1,PAYMENT
2228,SES-10227,11.0,7,0,0,0,0.0,0,0,0,3,1,0,2,0,SUPPORT
2229,SES-10228,4.9,11,9,4,1,1606.74,1,3,1,1,0,0,1,1,PAYMENT
2230,SES-10229,4.9,10,2,3,1,1443.97,1,1,0,11,0,0,4,1,DELIVERY
2231,SES-10230,16.0,16,14,2,1,2310.31,1,1,0,10,0,1,2,1,DELIVERY
2232,SES-10231,1.5,11,0,3,0,0.0,0,0,0,6,1,0,3,0,SUPPORT
2233,SES-10232,26.7,9,5,2,0,0.0,0,0,0,4,1,0,4,0,SUPPORT
2234,SES-10233,22.0,14,7,3,1,2462.61,1,1,0,3,1,1,3,0,SUPPORT
2235,SES-10234,13.1,4,2,5,3,6683.16,1,1,0,2,0,0,0,0,PRODUCT_INFORMATION
2236,SES-10235,10.9,12,11,6,5,7834.55,0,0,0,2,0,0,1,1,PRICE
2237,SES-10236,25.5,12,3,0,0,0.0,0,0,0,4,0,1,2,1,TECHNICAL
2238,SES-10237,3.3,7,4,2,3,7210.54,1,2,1,7,0,0,2,1,PAYMENT
2239,SES-10238,1.9,7,6,2,1,2304.55,1,1,0,6,0,1,4,1,PRICE
2240,SES-10239,4.0,8,3,3,1,733.11,1,3,1,6,1,1,3,1,PAYMENT
2241,SES-10240,18.4,8,2,1,3,5154.21,1,2,1,2,0,1,2,1,PAYMENT
2242,SES-10241,1.4,10,5,3,1,2726.46,0,0,0,8,1,0,2,1,DELIVERY
2243,SES-10242,10.6,12,1,7,2,4330.22,1,1,0,7,0,0,1,0,PRODUCT_INFORMATION
2244,SES-10243,60.0,11,6,2,3,8205.44,0,0,0,2,0,0,3,1,PRICE
2245,SES-10244,22.3,7,5,4,1,2262.39,1,1,0,4,0,0,3,0,PRICE
2246,SES-10245,9.1,8,3,3,3,4977.56,0,0,0,4,0,0,3,0,PRICE
2247,SES-10246,1.7,12,0,1,0,0.0,0,0,0,6,0,0,1,0,TECHNICAL
2248,SES-10247,20.6,9,5,6,2,4205.18,1,1,0,8,0,0,1,0,DELIVERY
2249,SES-10248,11.1,7,2,0,2,4298.37,1,1,0,4,0,0,3,0,PRICE
2250,SES-10249,2.3,15,8,2,2,4388.28,0,0,0,2,0,0,1,1,PRICE
2251,SES-10250,2.1,8,6,4,4,10530.49,1,1,0,2,0,0,2,0,PRICE
2252,SES-10251,27.4,8,4,5,1,1142.0,1,2,0,5,0,1,1,1,PAYMENT
2253,SES-10252,13.2,11,9,1,1,2390.73,0,0,0,4,0,0,2,0,DECISION_DIFFICULTY
2254,SES-10253,20.4,9,8,1,2,3534.47,0,0,0,9,0,1,2,1,DELIVERY
2255,SES-10254,24.2,14,1,3,3,7574.37,1,1,0,11,0,0,2,1,DELIVERY
2256,SES-10255,10.3,5,0,5,0,0.0,0,0,0,9,0,1,2,1,DELIVERY
2257,SES-10256,9.0,11,1,2,0,0.0,0,0,0,2,1,1,1,1,SUPPORT
2258,SES-10257,7.2,11,10,0,4,5670.72,0,0,0,3,0,0,4,1,PRICE
2259,SES-10258,5.2,17,9,2,1,638.3,1,1,0,3,0,0,3,0,DECISION_DIFFICULTY
2260,SES-10259,7.3,13,5,3,4,7790.69,1,1,0,2,0,0,4,0,PRICE
2261,SES-10260,17.4,9,8,3,3,6777.04,1,1,0,9,0,1,7,0,DELIVERY
2262,SES-10261,11.1,7,6,3,2,4118.88,1,4,1,9,1,1,0,1,PAYMENT
2263,SES-10262,25.5,13,2,1,0,0.0,1,2,1,4,1,0,6,1,PAYMENT
2264,SES-10263,7.4,11,7,1,1,469.31,0,0,0,11,1,1,3,1,DELIVERY
2265,SES-10264,11.3,6,5,3,3,8147.45,1,1,0,5,0,0,2,0,PRICE
2266,SES-10265,12.0,11,4,4,2,2068.06,1,2,1,4,0,0,2,0,PAYMENT
2267,SES-10266,10.9,12,6,5,0,0.0,0,0,0,5,0,0,2,0,DECISION_DIFFICULTY
2268,SES-10267,14.3,12,11,3,1,1404.21,1,0,0,4,0,0,1,0,TECHNICAL
2269,SES-10268,4.0,14,2,1,2,5152.43,1,1,1,3,0,0,1,1,PAYMENT
2270,SES-10269,8.9,9,7,3,1,2185.12,1,1,0,3,0,0,2,1,PRICE
2271,SES-10270,2.2,7,1,3,2,3776.99,1,1,1,4,0,1,2,1,PAYMENT
2272,SES-10271,6.3,8,4,4,3,2063.8,0,0,0,4,0,0,3,0,PRICE
2273,SES-10272,8.4,16,7,3,3,3528.7,1,1,0,7,0,0,4,0,PRICE
2274,SES-10273,12.6,9,1,3,5,7901.26,1,1,0,4,0,0,3,0,PRODUCT_INFORMATION
2275,SES-10274,34.1,10,6,2,2,1351.53,1,1,0,7,0,0,0,0,DECISION_DIFFICULTY
2276,SES-10275,11.1,11,1,1,3,5313.42,1,1,0,11,0,0,3,0,DELIVERY
2277,SES-10276,16.0,10,6,4,2,1828.84,1,1,0,6,0,0,2,0,DECISION_DIFFICULTY
2278,SES-10277,8.8,9,0,7,0,0.0,0,0,0,2,0,0,3,0,PRODUCT_INFORMATION
2279,SES-10278,12.1,7,5,4,1,2389.45,0,0,0,4,0,0,6,0,PRICE
2280,SES-10279,1.8,12,9,5,5,9187.35,1,1,1,8,1,0,4,0,PAYMENT
2281,SES-10280,4.2,13,6,6,3,3788.41,1,1,0,4,0,0,2,0,PRICE
2282,SES-10281,5.9,6,3,4,3,1520.8,1,1,0,7,0,0,4,0,PRODUCT_INFORMATION
2283,SES-10282,8.0,6,2,2,1,1909.57,1,1,0,6,0,0,6,0,PRODUCT_INFORMATION
2284,SES-10283,1.5,12,10,3,1,2283.01,1,2,1,2,0,0,1,1,PAYMENT
2285,SES-10284,2.7,11,0,1,0,0.0,0,0,0,3,0,0,2,1,PRODUCT_TRUST
2286,SES-10285,4.6,8,3,1,1,1562.73,1,1,0,6,1,0,1,1,SUPPORT
2287,SES-10286,40.1,15,5,3,2,1474.04,1,3,0,2,0,0,5,1,PAYMENT
2288,SES-10287,5.4,11,3,3,1,555.55,1,1,0,4,0,0,2,1,PRODUCT_INFORMATION
2289,SES-10288,8.2,15,14,3,1,533.75,1,1,0,2,0,0,1,0,DECISION_DIFFICULTY
2290,SES-10289,3.4,10,2,4,4,3994.99,0,0,0,3,0,0,2,0,PRICE
2291,SES-10290,11.4,13,3,0,3,2218.69,1,0,0,3,1,0,4,0,SUPPORT
2292,SES-10291,4.6,5,4,4,3,2415.84,0,0,0,4,1,0,3,1,SUPPORT
2293,SES-10292,3.6,8,1,6,2,4155.17,1,2,1,9,1,0,2,1,PAYMENT
2294,SES-10293,9.0,12,1,2,1,830.82,1,2,1,4,0,0,5,1,PAYMENT
2295,SES-10294,1.1,11,2,8,1,2061.6,1,4,0,7,1,0,1,1,PAYMENT
2296,SES-10295,1.1,11,10,1,1,1243.86,1,2,1,6,1,0,5,1,PAYMENT
2297,SES-10296,3.7,9,5,4,3,6778.41,1,1,0,6,0,0,4,1,PRICE
2298,SES-10297,1.4,8,3,3,3,2345.19,1,1,0,6,0,0,4,0,PRODUCT_INFORMATION
2299,SES-10298,2.3,10,0,3,0,0.0,0,0,0,3,0,0,3,0,PRODUCT_INFORMATION
2300,SES-10299,5.6,11,10,5,5,3070.64,1,1,1,3,0,1,3,1,PAYMENT
2301,SES-10300,18.8,13,6,3,0,0.0,0,0,0,12,1,0,2,1,DELIVERY
2302,SES-10301,10.3,7,6,2,0,0.0,1,0,0,6,0,0,1,0,TECHNICAL
2303,SES-10302,8.9,12,10,3,0,0.0,0,0,0,4,1,1,1,1,SUPPORT
2304,SES-10303,4.8,11,2,3,0,0.0,0,0,0,5,0,0,2,0,PRODUCT_INFORMATION
2305,SES-10304,30.5,11,5,2,4,9049.66,0,0,0,6,0,1,3,0,PRICE
2306,SES-10305,6.6,11,3,2,3,2011.1,0,0,0,2,0,1,3,1,PRICE
2307,SES-10306,2.0,4,0,2,0,0.0,0,0,0,2,0,0,2,0,PRODUCT_INFORMATION
2308,SES-10307,11.6,10,2,3,2,4742.69,0,0,0,1,0,0,2,1,PRICE
2309,SES-10308,2.3,12,4,6,3,5987.95,0,0,0,2,0,0,2,1,PRICE
2310,SES-10309,5.7,13,5,5,2,1835.57,0,0,0,2,0,0,0,0,PRODUCT_TRUST
2311,SES-10310,8.8,5,3,2,4,9334.79,1,0,0,4,0,0,2,0,PRICE
2312,SES-10311,23.8,13,5,0,1,1741.2,1,1,0,3,0,1,4,0,DECISION_DIFFICULTY
2313,SES-10312,8.5,10,8,5,0,0.0,0,0,0,1,0,1,0,1,PRODUCT_TRUST
2314,SES-10313,14.3,12,9,1,0,0.0,0,0,0,4,0,0,1,0,DECISION_DIFFICULTY
2315,SES-10314,55.3,10,9,2,1,1510.9,0,0,0,5,0,0,2,0,DECISION_DIFFICULTY
2316,SES-10315,2.6,9,3,4,1,2148.43,0,0,0,4,0,0,2,1,PRODUCT_INFORMATION
2317,SES-10316,4.5,11,1,7,3,7432.66,0,0,0,3,0,0,3,0,PRICE
2318,SES-10317,6.5,8,3,1,2,3034.71,1,2,0,4,1,0,3,1,PAYMENT
2319,SES-10318,7.0,11,8,2,4,1885.96,1,1,0,4,0,0,1,1,DECISION_DIFFICULTY
2320,SES-10319,6.8,10,2,2,2,3647.48,1,3,1,4,0,0,4,0,PAYMENT
2321,SES-10320,27.2,9,6,2,0,0.0,0,0,0,2,0,0,1,0,DECISION_DIFFICULTY
2322,SES-10321,14.8,8,3,2,2,2357.72,0,0,0,4,0,0,4,1,PRICE
2323,SES-10322,11.3,12,11,4,2,3438.95,0,0,0,6,0,0,3,0,PRICE
2324,SES-10323,5.1,9,0,3,0,0.0,0,0,0,7,0,0,7,0,PRODUCT_INFORMATION
2325,SES-10324,20.1,12,7,7,2,2148.47,1,1,0,4,0,0,4,0,DECISION_DIFFICULTY
2326,SES-10325,35.1,9,3,2,3,1344.8,1,1,0,14,1,1,3,1,DELIVERY
2327,SES-10326,19.9,11,10,4,0,0.0,0,0,0,7,0,0,4,0,DECISION_DIFFICULTY
2328,SES-10327,1.0,5,1,4,0,0.0,0,0,0,3,0,0,0,1,PRODUCT_INFORMATION
2329,SES-10328,12.1,12,1,6,1,1096.61,0,0,0,4,0,0,1,0,PRODUCT_INFORMATION
2330,SES-10329,1.6,15,8,2,1,1908.2,1,1,0,3,0,0,4,0,DECISION_DIFFICULTY
2331,SES-10330,4.3,10,9,3,4,7991.78,1,1,0,5,0,1,1,0,PRODUCT_TRUST
2332,SES-10331,1.7,11,2,3,4,9087.07,0,0,0,3,0,0,4,0,PRICE
2333,SES-10332,11.2,10,0,1,0,0.0,0,0,0,1,0,0,1,0,PRODUCT_INFORMATION
2334,SES-10333,13.8,10,1,1,1,1885.42,1,4,1,9,1,1,3,1,PAYMENT
2335,SES-10334,2.3,7,1,1,0,0.0,0,0,0,4,0,0,1,0,TECHNICAL
2336,SES-10335,6.3,9,5,0,1,1174.92,1,1,0,9,1,0,2,0,DELIVERY
2337,SES-10336,7.7,13,10,0,2,3117.32,1,3,0,2,0,1,0,1,PAYMENT
2338,SES-10337,6.1,11,0,5,0,0.0,0,0,0,2,0,0,3,0,PRODUCT_INFORMATION
2339,SES-10338,2.4,9,8,4,2,3868.98,1,1,0,3,0,0,0,1,PRICE
2340,SES-10339,7.0,9,6,0,2,3484.25,1,2,1,4,1,0,3,1,PAYMENT
2341,SES-10340,16.3,13,9,4,1,1915.06,0,0,0,8,0,0,1,1,DELIVERY
2342,SES-10341,1.8,11,10,1,1,2753.19,1,2,1,5,1,0,2,1,PAYMENT
2343,SES-10342,1.9,13,2,3,1,2345.12,1,1,0,2,0,0,2,0,PRODUCT_INFORMATION
2344,SES-10343,5.8,13,12,2,1,1100.94,1,2,1,4,1,0,0,1,PAYMENT
2345,SES-10344,32.3,9,6,3,0,0.0,0,0,0,6,0,0,4,0,DECISION_DIFFICULTY
2346,SES-10345,13.1,15,5,4,1,950.47,0,0,0,3,0,0,3,0,DECISION_DIFFICULTY
2347,SES-10346,13.5,9,2,2,4,6581.32,0,0,0,4,0,0,1,1,PRICE
2348,SES-10347,5.9,11,7,3,3,6326.99,1,2,0,6,0,0,1,1,PAYMENT
2349,SES-10348,10.9,2,1,1,1,557.85,1,4,1,11,1,0,5,1,PAYMENT
2350,SES-10349,1.1,10,0,0,0,0.0,0,0,0,3,0,0,2,0,SUPPORT
2351,SES-10350,12.1,6,4,2,3,1252.64,1,2,1,6,1,0,1,1,PAYMENT
2352,SES-10351,27.9,10,7,1,1,1308.8,0,0,0,6,0,0,3,1,DECISION_DIFFICULTY
2353,SES-10352,11.4,7,2,4,0,0.0,0,0,0,5,0,0,3,0,PRODUCT_INFORMATION
2354,SES-10353,23.8,9,5,2,1,1478.84,1,3,1,7,0,0,3,1,PAYMENT
2355,SES-10354,15.2,7,1,3,2,3539.76,1,2,1,4,1,1,3,1,PAYMENT
2356,SES-10355,2.4,18,10,5,1,1815.69,0,0,0,5,0,0,3,1,DECISION_DIFFICULTY
2357,SES-10356,26.6,6,1,1,3,1844.69,1,3,1,7,1,1,2,1,PAYMENT
2358,SES-10357,1.8,5,0,4,0,0.0,0,0,0,4,0,0,2,1,PRODUCT_INFORMATION
2359,SES-10358,9.4,14,1,6,1,2596.51,1,3,1,4,1,1,1,1,PAYMENT
2360,SES-10359,2.7,6,4,6,2,3001.81,1,1,0,5,0,0,3,0,PRICE
2361,SES-10360,1.1,9,2,2,1,1404.67,1,2,1,7,0,0,2,1,PAYMENT
2362,SES-10361,7.0,9,8,2,4,8809.47,1,1,0,2,0,0,1,0,PRICE
2363,SES-10362,4.8,7,0,2,0,0.0,0,0,0,6,0,0,2,0,PRODUCT_INFORMATION
2364,SES-10363,8.3,9,6,2,2,4835.75,1,1,0,3,0,0,2,0,PRICE
2365,SES-10364,10.5,7,1,2,3,6027.13,1,3,1,2,0,0,0,1,PAYMENT
2366,SES-10365,1.5,8,4,1,1,747.82,1,4,1,7,1,1,1,1,DELIVERY
2367,SES-10366,2.4,12,8,2,4,2223.27,1,1,0,2,0,0,1,0,PRICE
2368,SES-10367,10.0,8,6,3,4,1627.73,1,1,0,3,0,0,6,0,DECISION_DIFFICULTY
2369,SES-10368,5.6,11,1,3,2,2211.93,1,2,1,6,1,0,3,1,PAYMENT
2370,SES-10369,15.4,14,9,4,2,2359.04,0,0,0,5,1,0,5,0,SUPPORT
2371,SES-10370,12.6,13,0,2,0,0.0,0,0,0,10,1,1,5,0,DELIVERY
2372,SES-10371,21.6,12,9,3,1,1089.02,0,0,0,11,0,0,2,1,PRICE
2373,SES-10372,14.0,11,9,4,3,5246.67,1,1,0,3,0,0,4,0,DECISION_DIFFICULTY
2374,SES-10373,7.2,8,5,3,5,3354.31,0,0,0,3,0,0,3,0,PRICE
2375,SES-10374,13.3,6,3,4,0,0.0,0,0,0,3,1,0,0,1,SUPPORT
2376,SES-10375,4.5,15,9,4,2,3497.55,1,1,0,4,0,0,2,0,PRICE
2377,SES-10376,5.0,6,5,4,4,8362.94,1,0,0,4,0,0,2,0,PRICE
2378,SES-10377,18.1,12,1,4,1,2635.05,1,3,1,1,0,1,3,1,PAYMENT
2379,SES-10378,7.5,14,4,1,1,1625.33,1,1,0,4,0,0,3,0,DECISION_DIFFICULTY
2380,SES-10379,18.6,7,0,2,0,0.0,0,0,0,2,0,0,1,0,PRODUCT_INFORMATION
2381,SES-10380,20.0,7,5,8,1,1819.67,1,1,0,7,0,0,5,0,DECISION_DIFFICULTY
2382,SES-10381,22.4,14,5,5,4,11155.49,1,1,0,10,1,0,1,1,DELIVERY
2383,SES-10382,28.3,8,6,4,1,2519.35,1,1,0,3,0,0,3,0,SUPPORT
2384,SES-10383,7.2,13,12,4,3,6817.17,1,1,0,5,1,0,0,1,SUPPORT
2385,SES-10384,5.2,10,4,2,4,8652.12,0,0,0,2,0,0,5,0,PRICE
2386,SES-10385,10.6,8,6,7,0,0.0,0,0,0,4,0,0,2,0,DECISION_DIFFICULTY
2387,SES-10386,6.1,9,2,2,1,617.7,1,1,0,5,0,1,1,1,PRODUCT_TRUST
2388,SES-10387,11.1,10,2,5,1,1648.43,1,4,1,2,1,0,4,1,PAYMENT
2389,SES-10388,14.5,10,4,3,1,2054.99,1,1,0,4,0,1,3,0,PRICE
2390,SES-10389,13.8,13,3,2,2,1149.07,1,1,0,11,0,0,4,0,DELIVERY
2391,SES-10390,6.2,8,4,3,1,2595.42,1,2,1,2,0,0,2,1,PAYMENT
2392,SES-10391,3.0,8,5,1,2,1412.9,1,2,1,5,0,0,2,1,PAYMENT
2393,SES-10392,7.2,10,8,6,2,1223.34,1,0,0,7,0,0,2,0,DECISION_DIFFICULTY
2394,SES-10393,2.7,10,4,3,0,0.0,1,1,0,6,0,0,1,1,DECISION_DIFFICULTY
2395,SES-10394,25.3,11,3,6,2,2831.53,0,0,0,6,0,0,3,1,PRODUCT_INFORMATION
2396,SES-10395,5.7,8,4,2,0,0.0,0,0,0,2,1,0,1,0,SUPPORT
2397,SES-10396,2.8,11,3,7,3,1882.12,1,1,0,12,1,1,3,1,DELIVERY
2398,SES-10397,1.3,13,0,2,0,0.0,0,0,0,6,0,0,6,0,PRODUCT_INFORMATION
2399,SES-10398,12.4,12,9,6,5,4401.93,1,2,1,11,1,0,0,1,PAYMENT
2400,SES-10399,12.1,11,3,2,0,0.0,0,0,0,12,0,1,4,1,DELIVERY
